customer_id,customer_name,age,gender,city,signup_date,segment
C0001,Customer 1,25,Female,Mumbai,2024-11-23,New
C0002,Customer 2,40,Male,Pune,2024-07-02,Regular
C0003,Customer 3,50,Male,Bangalore,2024-03-11,Regular
C0004,Customer 4,24,Female,Pune,2024-09-16,Premium
C0005,Customer 5,52,Male,Pune,2025-04-20,Regular
C0006,Customer 6,45,Male,Pune,2024-06-30,Regular
C0007,Customer 7,22,Male,Bangalore,2025-03-23,Regular
C0008,Customer 8,43,Male,Hyderabad,2024-04-19,Premium
C0009,Customer 9,36,Male,Chennai,2024-04-07,Regular
C0010,Customer 10,50,Male,Bangalore,2025-05-06,New
C0011,Customer 11,43,Female,Hyderabad,2024-05-15,New
C0012,Customer 12,39,Female,Mumbai,2024-01-02,Regular
C0013,Customer 13,34,Female,Bangalore,2025-03-25,New
C0014,Customer 14,22,Female,Chennai,2024-08-08,Premium
C0015,Customer 15,58,Female,Hyderabad,2024-07-31,Regular
C0016,Customer 16,52,Male,Mumbai,2024-06-18,Regular
C0017,Customer 17,52,Female,Mumbai,2025-01-18,New
C0018,Customer 18,41,Male,Mumbai,2025-01-27,New
C0019,Customer 19,55,Male,Bangalore,2024-08-11,Regular
C0020,Customer 20,60,Female,Chennai,2024-06-05,Regular
C0021,Customer 21,21,Female,Bangalore,2024-04-04,Regular
C0022,Customer 22,46,Female,Delhi,2024-08-18,Regular
C0023,Customer 23,29,Male,Bangalore,2024-05-02,Regular
C0024,Customer 24,51,Female,Mumbai,2024-08-28,Regular
C0025,Customer 25,25,Male,Pune,2025-03-06,Regular
C0026,Customer 26,37,Female,Mumbai,2024-05-24,Premium
C0027,Customer 27,38,Female,Delhi,2024-01-24,Regular
C0028,Customer 28,60,Male,Chennai,2025-05-15,Regular
C0029,Customer 29,30,Male,Pune,2024-11-21,Regular
C0030,Customer 30,52,Female,Chennai,2025-02-06,Premium
C0031,Customer 31,20,Female,Bangalore,2024-01-24,Regular
C0032,Customer 32,41,Female,Mumbai,2024-01-17,Regular
C0033,Customer 33,21,Female,Chennai,2024-05-15,New
C0034,Customer 34,48,Female,Pune,2024-02-01,Premium
C0035,Customer 35,56,Male,Pune,2024-09-15,Regular
C0036,Customer 36,25,Female,Pune,2024-12-09,Regular
C0037,Customer 37,48,Male,Delhi,2024-12-02,Regular
C0038,Customer 38,31,Male,Delhi,2024-05-19,Regular
C0039,Customer 39,24,Female,Chennai,2024-08-11,Regular
C0040,Customer 40,27,Male,Chennai,2024-02-22,Regular
C0041,Customer 41,41,Male,Pune,2024-01-30,Premium
C0042,Customer 42,59,Male,Pune,2024-09-15,New
C0043,Customer 43,28,Male,Pune,2024-03-19,New
C0044,Customer 44,59,Male,Mumbai,2025-03-05,Regular
C0045,Customer 45,23,Male,Mumbai,2025-04-08,New
C0046,Customer 46,59,Female,Pune,2025-02-20,New
C0047,Customer 47,21,Female,Delhi,2024-11-23,New
C0048,Customer 48,59,Male,Bangalore,2024-06-09,Regular
C0049,Customer 49,52,Female,Mumbai,2024-10-08,Regular
C0050,Customer 50,38,Female,Hyderabad,2024-03-05,Regular
C0051,Customer 51,37,Female,Delhi,2024-11-24,Regular
C0052,Customer 52,26,Female,Hyderabad,2024-08-08,Premium
C0053,Customer 53,19,Male,Hyderabad,2024-08-31,Regular
C0054,Customer 54,59,Female,Chennai,2024-12-12,Premium
C0055,Customer 55,23,Male,Chennai,2025-04-09,Regular
C0056,Customer 56,36,Male,Delhi,2025-04-24,Premium
C0057,Customer 57,39,Male,Mumbai,2024-01-08,Regular
C0058,Customer 58,41,Male,Bangalore,2024-09-27,New
C0059,Customer 59,21,Male,Hyderabad,2024-10-04,Premium
C0060,Customer 60,42,Male,Pune,2025-03-21,Regular
C0061,Customer 61,54,Female,Mumbai,2025-02-21,Regular
C0062,Customer 62,34,Male,Hyderabad,2024-05-04,Regular
C0063,Customer 63,34,Female,Delhi,2024-01-09,Regular
C0064,Customer 64,22,Male,Bangalore,2025-03-05,Premium
C0065,Customer 65,48,Male,Pune,2024-10-09,New
C0066,Customer 66,22,Male,Chennai,2025-04-20,Regular
C0067,Customer 67,23,Male,Chennai,2024-01-14,Regular
C0068,Customer 68,29,Female,Delhi,2024-06-09,Premium
C0069,Customer 69,55,Male,Delhi,2025-01-30,Regular
C0070,Customer 70,39,Male,Chennai,2024-06-08,Regular
C0071,Customer 71,57,Male,Delhi,2025-04-15,Regular
C0072,Customer 72,36,Female,Hyderabad,2024-09-07,New
C0073,Customer 73,49,Female,Hyderabad,2024-07-28,Regular
C0074,Customer 74,24,Male,Delhi,2024-08-05,Regular
C0075,Customer 75,55,Female,Mumbai,2025-02-19,Regular
C0076,Customer 76,27,Male,Pune,2024-05-07,Regular
C0077,Customer 77,35,Female,Delhi,2025-03-23,New
C0078,Customer 78,55,Female,Bangalore,2024-03-08,Regular
C0079,Customer 79,23,Male,Bangalore,2024-07-15,Regular
C0080,Customer 80,42,Female,Pune,2024-09-10,New
C0081,Customer 81,34,Male,Hyderabad,2024-01-08,Regular
C0082,Customer 82,26,Female,Pune,2024-07-09,Regular
C0083,Customer 83,34,Male,Mumbai,2024-03-21,Regular
C0084,Customer 84,27,Male,Chennai,2024-07-15,New
C0085,Customer 85,49,Male,Pune,2024-08-02,Premium
C0086,Customer 86,31,Female,Delhi,2025-05-08,Regular
C0087,Customer 87,29,Female,Hyderabad,2024-05-13,New
C0088,Customer 88,19,Female,Mumbai,2024-09-11,Regular
C0089,Customer 89,28,Male,Delhi,2025-05-13,New
C0090,Customer 90,38,Female,Chennai,2024-10-30,Premium
C0091,Customer 91,49,Male,Mumbai,2024-03-30,New
C0092,Customer 92,53,Female,Mumbai,2024-03-30,Regular
C0093,Customer 93,23,Female,Hyderabad,2024-11-21,Premium
C0094,Customer 94,42,Female,Mumbai,2024-01-25,Regular
C0095,Customer 95,41,Male,Delhi,2024-01-28,New
C0096,Customer 96,23,Female,Mumbai,2024-08-04,Premium
C0097,Customer 97,52,Female,Delhi,2025-03-20,Premium
C0098,Customer 98,51,Male,Mumbai,2025-02-03,Premium
C0099,Customer 99,28,Male,Mumbai,2024-01-26,Premium
C0100,Customer 100,59,Female,Delhi,2024-10-14,Regular
C0101,Customer 101,26,Female,Delhi,2024-12-14,Regular
C0102,Customer 102,30,Female,Chennai,2024-08-29,Regular
C0103,Customer 103,41,Female,Chennai,2025-01-09,Premium
C0104,Customer 104,26,Male,Chennai,2025-01-07,Regular
C0105,Customer 105,44,Female,Chennai,2024-06-03,Regular
C0106,Customer 106,49,Female,Delhi,2024-10-07,Premium
C0107,Customer 107,26,Male,Delhi,2024-01-05,Regular
C0108,Customer 108,51,Male,Hyderabad,2024-09-22,Regular
C0109,Customer 109,49,Male,Hyderabad,2025-03-14,Regular
C0110,Customer 110,56,Female,Chennai,2025-02-09,Premium
C0111,Customer 111,30,Female,Mumbai,2024-11-08,New
C0112,Customer 112,45,Male,Bangalore,2025-03-25,Premium
C0113,Customer 113,47,Male,Bangalore,2024-06-18,Regular
C0114,Customer 114,36,Female,Chennai,2024-07-03,Regular
C0115,Customer 115,38,Male,Hyderabad,2024-12-15,Regular
C0116,Customer 116,32,Female,Hyderabad,2024-10-21,Premium
C0117,Customer 117,53,Male,Delhi,2025-03-11,Regular
C0118,Customer 118,57,Male,Chennai,2024-06-17,Regular
C0119,Customer 119,55,Female,Mumbai,2025-04-01,Regular
C0120,Customer 120,22,Female,Mumbai,2024-04-27,Regular
C0121,Customer 121,50,Male,Bangalore,2024-11-18,New
C0122,Customer 122,39,Male,Mumbai,2025-01-05,Premium
C0123,Customer 123,59,Female,Chennai,2024-08-06,Regular
C0124,Customer 124,18,Female,Mumbai,2024-08-12,Regular
C0125,Customer 125,59,Male,Bangalore,2024-05-02,New
C0126,Customer 126,42,Male,Delhi,2025-05-09,Regular
C0127,Customer 127,50,Male,Chennai,2024-04-03,Regular
C0128,Customer 128,57,Male,Chennai,2024-07-04,Premium
C0129,Customer 129,24,Male,Mumbai,2024-07-22,Regular
C0130,Customer 130,22,Female,Mumbai,2025-03-10,New
C0131,Customer 131,28,Female,Delhi,2024-09-26,New
C0132,Customer 132,52,Female,Mumbai,2024-11-28,Premium
C0133,Customer 133,24,Male,Pune,2025-05-12,Regular
C0134,Customer 134,58,Male,Mumbai,2024-04-30,Regular
C0135,Customer 135,49,Male,Chennai,2024-10-04,New
C0136,Customer 136,20,Female,Pune,2024-02-20,Regular
C0137,Customer 137,33,Male,Hyderabad,2024-11-07,Regular
C0138,Customer 138,22,Female,Mumbai,2025-01-10,Regular
C0139,Customer 139,59,Male,Mumbai,2024-07-21,Regular
C0140,Customer 140,40,Female,Chennai,2024-03-27,Regular
C0141,Customer 141,31,Male,Mumbai,2024-06-18,Regular
C0142,Customer 142,51,Female,Hyderabad,2024-05-06,Regular
C0143,Customer 143,33,Female,Delhi,2024-08-01,Regular
C0144,Customer 144,50,Female,Pune,2024-03-09,Premium
C0145,Customer 145,42,Male,Mumbai,2024-10-12,Regular
C0146,Customer 146,41,Female,Pune,2024-11-20,New
C0147,Customer 147,47,Female,Chennai,2024-01-07,Regular
C0148,Customer 148,56,Female,Chennai,2024-11-03,New
C0149,Customer 149,53,Female,Mumbai,2025-03-07,New
C0150,Customer 150,38,Female,Mumbai,2024-11-07,Regular
C0151,Customer 151,39,Female,Bangalore,2024-10-22,Regular
C0152,Customer 152,37,Female,Bangalore,2024-09-25,New
C0153,Customer 153,60,Male,Chennai,2024-09-23,Regular
C0154,Customer 154,43,Female,Chennai,2024-08-06,New
C0155,Customer 155,53,Female,Chennai,2024-06-15,Regular
C0156,Customer 156,26,Male,Delhi,2025-03-09,Premium
C0157,Customer 157,55,Female,Pune,2024-08-09,Regular
C0158,Customer 158,48,Male,Mumbai,2024-10-24,Premium
C0159,Customer 159,26,Female,Delhi,2024-05-09,Regular
C0160,Customer 160,33,Male,Delhi,2025-02-04,Regular
C0161,Customer 161,34,Male,Bangalore,2024-11-24,Regular
C0162,Customer 162,45,Female,Delhi,2025-05-04,Regular
C0163,Customer 163,56,Male,Bangalore,2025-03-14,New
C0164,Customer 164,30,Male,Pune,2024-09-08,Regular
C0165,Customer 165,40,Female,Pune,2024-11-18,Regular
C0166,Customer 166,27,Male,Hyderabad,2025-01-11,Regular
C0167,Customer 167,24,Male,Chennai,2025-02-24,Regular
C0168,Customer 168,22,Male,Hyderabad,2024-06-20,New
C0169,Customer 169,26,Female,Chennai,2024-12-20,Regular
C0170,Customer 170,25,Male,Mumbai,2025-02-02,Regular
C0171,Customer 171,32,Male,Chennai,2024-10-23,Premium
C0172,Customer 172,43,Male,Hyderabad,2024-09-28,Regular
C0173,Customer 173,55,Male,Pune,2025-01-12,Premium
C0174,Customer 174,22,Female,Bangalore,2024-05-27,New
C0175,Customer 175,59,Female,Chennai,2024-12-01,Regular
C0176,Customer 176,25,Male,Mumbai,2024-06-22,Regular
C0177,Customer 177,19,Female,Pune,2024-04-10,New
C0178,Customer 178,40,Female,Chennai,2024-05-25,Regular
C0179,Customer 179,37,Female,Bangalore,2024-04-16,Regular
C0180,Customer 180,55,Female,Hyderabad,2024-03-24,New
C0181,Customer 181,55,Male,Bangalore,2024-09-30,Regular
C0182,Customer 182,41,Female,Chennai,2024-06-08,New
C0183,Customer 183,28,Male,Chennai,2024-06-29,Premium
C0184,Customer 184,55,Male,Mumbai,2024-12-23,New
C0185,Customer 185,55,Male,Bangalore,2024-12-21,Premium
C0186,Customer 186,36,Female,Chennai,2024-04-13,Regular
C0187,Customer 187,55,Female,Delhi,2024-09-10,Premium
C0188,Customer 188,24,Male,Pune,2024-10-20,Premium
C0189,Customer 189,37,Female,Hyderabad,2024-11-29,Regular
C0190,Customer 190,37,Female,Hyderabad,2025-02-12,Regular
C0191,Customer 191,20,Female,Bangalore,2024-11-25,Premium
C0192,Customer 192,26,Male,Chennai,2024-07-22,Regular
C0193,Customer 193,59,Male,Pune,2024-01-11,Premium
C0194,Customer 194,46,Female,Delhi,2025-03-15,Regular
C0195,Customer 195,58,Male,Bangalore,2024-04-12,Regular
C0196,Customer 196,19,Male,Bangalore,2024-01-11,Premium
C0197,Customer 197,24,Male,Delhi,2024-02-07,Regular
C0198,Customer 198,35,Female,Delhi,2024-09-12,Regular
C0199,Customer 199,60,Male,Chennai,2024-10-15,Regular
C0200,Customer 200,20,Female,Delhi,2024-06-17,Regular
C0201,Customer 201,45,Female,Pune,2024-09-08,Regular
C0202,Customer 202,32,Male,Hyderabad,2024-12-12,Regular
C0203,Customer 203,20,Female,Hyderabad,2025-04-14,Regular
C0204,Customer 204,44,Female,Delhi,2024-02-12,Premium
C0205,Customer 205,33,Female,Bangalore,2024-10-26,Regular
C0206,Customer 206,31,Male,Pune,2024-11-14,Regular
C0207,Customer 207,24,Female,Delhi,2025-01-10,New
C0208,Customer 208,45,Female,Hyderabad,2024-03-11,Regular
C0209,Customer 209,26,Female,Mumbai,2025-01-06,Regular
C0210,Customer 210,41,Female,Bangalore,2025-03-06,Regular
C0211,Customer 211,37,Male,Pune,2024-06-28,Regular
C0212,Customer 212,25,Female,Bangalore,2024-02-26,Regular
C0213,Customer 213,20,Female,Chennai,2025-03-21,Regular
C0214,Customer 214,51,Female,Bangalore,2024-01-13,Regular
C0215,Customer 215,21,Male,Delhi,2024-01-14,Regular
C0216,Customer 216,44,Male,Delhi,2024-01-15,Regular
C0217,Customer 217,45,Female,Bangalore,2024-10-02,Premium
C0218,Customer 218,56,Female,Delhi,2024-05-19,Regular
C0219,Customer 219,26,Male,Chennai,2024-01-09,Regular
C0220,Customer 220,34,Male,Chennai,2024-03-06,Premium
C0221,Customer 221,22,Male,Mumbai,2025-05-05,Premium
C0222,Customer 222,24,Female,Mumbai,2024-07-24,Regular
C0223,Customer 223,19,Female,Chennai,2024-11-29,Regular
C0224,Customer 224,33,Male,Hyderabad,2024-01-30,Regular
C0225,Customer 225,46,Female,Bangalore,2024-05-28,New
C0226,Customer 226,53,Male,Bangalore,2025-03-09,Regular
C0227,Customer 227,56,Male,Bangalore,2024-06-11,Regular
C0228,Customer 228,55,Male,Mumbai,2024-11-22,Regular
C0229,Customer 229,49,Female,Bangalore,2024-07-07,Regular
C0230,Customer 230,56,Female,Bangalore,2024-12-27,Premium
C0231,Customer 231,32,Female,Pune,2024-06-22,Regular
C0232,Customer 232,41,Male,Delhi,2024-01-30,Regular
C0233,Customer 233,20,Male,Delhi,2024-07-20,Regular
C0234,Customer 234,23,Male,Pune,2024-02-04,Regular
C0235,Customer 235,52,Female,Bangalore,2025-04-23,Regular
C0236,Customer 236,26,Female,Pune,2024-12-13,Regular
C0237,Customer 237,27,Male,Bangalore,2024-11-20,Premium
C0238,Customer 238,42,Female,Hyderabad,2024-07-22,New
C0239,Customer 239,49,Female,Pune,2024-09-17,Regular
C0240,Customer 240,19,Male,Delhi,2024-11-19,Regular
C0241,Customer 241,29,Male,Delhi,2024-01-31,Premium
C0242,Customer 242,25,Female,Pune,2024-11-04,Premium
C0243,Customer 243,23,Female,Mumbai,2024-09-11,Regular
C0244,Customer 244,18,Female,Delhi,2024-07-21,Regular
C0245,Customer 245,32,Male,Mumbai,2025-03-10,Regular
C0246,Customer 246,49,Male,Pune,2024-07-22,Regular
C0247,Customer 247,28,Female,Bangalore,2024-11-30,New
C0248,Customer 248,38,Female,Chennai,2024-12-21,Regular
C0249,Customer 249,45,Male,Chennai,2024-12-12,Premium
C0250,Customer 250,24,Male,Hyderabad,2024-01-06,Regular
C0251,Customer 251,40,Female,Hyderabad,2024-04-02,Premium
C0252,Customer 252,45,Male,Delhi,2025-05-02,Regular
C0253,Customer 253,45,Male,Hyderabad,2025-05-07,Regular
C0254,Customer 254,40,Male,Hyderabad,2024-01-03,Premium
C0255,Customer 255,60,Male,Hyderabad,2025-05-06,Premium
C0256,Customer 256,37,Male,Mumbai,2024-09-25,Regular
C0257,Customer 257,35,Female,Bangalore,2024-11-28,Regular
C0258,Customer 258,48,Male,Chennai,2025-01-06,Premium
C0259,Customer 259,20,Male,Pune,2024-05-28,Premium
C0260,Customer 260,52,Male,Pune,2024-01-24,Regular
C0261,Customer 261,35,Male,Chennai,2024-04-22,New
C0262,Customer 262,45,Female,Bangalore,2024-04-28,Regular
C0263,Customer 263,52,Female,Mumbai,2024-02-22,Regular
C0264,Customer 264,42,Male,Hyderabad,2024-04-25,Regular
C0265,Customer 265,24,Female,Pune,2024-06-27,Regular
C0266,Customer 266,41,Male,Delhi,2024-04-30,New
C0267,Customer 267,45,Female,Chennai,2024-07-21,Regular
C0268,Customer 268,24,Male,Delhi,2024-10-04,New
C0269,Customer 269,55,Male,Delhi,2024-09-01,Premium
C0270,Customer 270,56,Male,Chennai,2024-11-08,New
C0271,Customer 271,42,Male,Delhi,2024-04-24,Premium
C0272,Customer 272,37,Female,Hyderabad,2024-06-24,New
C0273,Customer 273,29,Female,Mumbai,2025-04-19,Regular
C0274,Customer 274,47,Male,Mumbai,2025-02-01,Regular
C0275,Customer 275,58,Male,Bangalore,2024-01-06,Regular
C0276,Customer 276,27,Male,Bangalore,2024-02-12,Regular
C0277,Customer 277,30,Female,Pune,2024-09-03,Premium
C0278,Customer 278,59,Female,Hyderabad,2024-11-05,Premium
C0279,Customer 279,31,Female,Mumbai,2024-02-07,Regular
C0280,Customer 280,26,Female,Bangalore,2024-05-25,Premium
C0281,Customer 281,38,Female,Bangalore,2024-05-20,Regular
C0282,Customer 282,27,Female,Pune,2024-06-12,Regular
C0283,Customer 283,19,Female,Delhi,2024-05-16,Regular
C0284,Customer 284,20,Male,Bangalore,2025-04-03,Regular
C0285,Customer 285,18,Female,Pune,2025-01-10,New
C0286,Customer 286,39,Female,Chennai,2025-02-15,Regular
C0287,Customer 287,44,Female,Delhi,2024-10-28,Premium
C0288,Customer 288,37,Female,Pune,2024-09-07,New
C0289,Customer 289,35,Male,Hyderabad,2024-12-31,New
C0290,Customer 290,45,Female,Chennai,2024-10-15,Regular
C0291,Customer 291,45,Female,Hyderabad,2024-06-30,Regular
C0292,Customer 292,50,Female,Bangalore,2024-10-24,Regular
C0293,Customer 293,48,Male,Chennai,2024-07-26,Premium
C0294,Customer 294,59,Female,Bangalore,2024-01-18,Regular
C0295,Customer 295,19,Male,Mumbai,2024-01-24,Premium
C0296,Customer 296,20,Male,Hyderabad,2024-02-28,Premium
C0297,Customer 297,22,Male,Chennai,2025-03-23,Regular
C0298,Customer 298,53,Female,Pune,2024-04-14,Premium
C0299,Customer 299,53,Male,Delhi,2025-03-30,Regular
C0300,Customer 300,32,Male,Bangalore,2025-02-04,New
C0301,Customer 301,52,Male,Pune,2025-01-17,Regular
C0302,Customer 302,59,Female,Delhi,2025-03-20,Regular
C0303,Customer 303,27,Male,Pune,2024-07-09,New
C0304,Customer 304,33,Female,Delhi,2024-02-13,Regular
C0305,Customer 305,34,Male,Pune,2025-05-02,Premium
C0306,Customer 306,59,Male,Mumbai,2024-07-14,New
C0307,Customer 307,47,Male,Hyderabad,2025-03-24,New
C0308,Customer 308,18,Female,Pune,2025-04-03,Regular
C0309,Customer 309,46,Female,Delhi,2025-01-09,Regular
C0310,Customer 310,28,Female,Hyderabad,2024-06-16,Regular
C0311,Customer 311,30,Male,Hyderabad,2024-12-10,Regular
C0312,Customer 312,32,Female,Hyderabad,2025-03-06,Premium
C0313,Customer 313,28,Male,Chennai,2024-10-20,Regular
C0314,Customer 314,25,Female,Pune,2025-01-18,Premium
C0315,Customer 315,54,Female,Delhi,2024-09-01,New
C0316,Customer 316,54,Male,Delhi,2024-12-18,Regular
C0317,Customer 317,51,Female,Hyderabad,2024-11-16,Regular
C0318,Customer 318,59,Female,Chennai,2024-10-15,New
C0319,Customer 319,58,Male,Delhi,2024-06-28,Regular
C0320,Customer 320,34,Male,Bangalore,2025-04-23,Regular
C0321,Customer 321,48,Female,Bangalore,2024-03-25,Premium
C0322,Customer 322,25,Female,Hyderabad,2024-09-13,Regular
C0323,Customer 323,58,Male,Pune,2024-05-20,New
C0324,Customer 324,23,Male,Mumbai,2025-04-15,New
C0325,Customer 325,59,Female,Mumbai,2024-06-26,Premium
C0326,Customer 326,43,Male,Delhi,2025-01-09,Regular
C0327,Customer 327,33,Female,Bangalore,2025-01-05,New
C0328,Customer 328,43,Male,Hyderabad,2024-03-24,Regular
C0329,Customer 329,21,Female,Pune,2024-08-04,Regular
C0330,Customer 330,55,Female,Hyderabad,2025-04-30,Regular
C0331,Customer 331,56,Female,Hyderabad,2025-03-31,Regular
C0332,Customer 332,58,Female,Hyderabad,2025-04-19,Regular
C0333,Customer 333,34,Male,Pune,2024-10-19,Premium
C0334,Customer 334,60,Female,Mumbai,2024-09-13,New
C0335,Customer 335,43,Male,Pune,2024-05-10,New
C0336,Customer 336,52,Female,Pune,2024-01-02,Premium
C0337,Customer 337,56,Female,Chennai,2024-01-12,Premium
C0338,Customer 338,20,Female,Chennai,2025-01-18,Regular
C0339,Customer 339,36,Male,Chennai,2024-12-31,Regular
C0340,Customer 340,22,Female,Mumbai,2024-12-08,Regular
C0341,Customer 341,47,Female,Chennai,2024-04-26,New
C0342,Customer 342,44,Female,Pune,2024-05-08,Regular
C0343,Customer 343,45,Male,Hyderabad,2025-01-24,Regular
C0344,Customer 344,44,Male,Hyderabad,2025-05-10,Regular
C0345,Customer 345,52,Female,Bangalore,2024-05-21,Regular
C0346,Customer 346,28,Male,Chennai,2024-09-29,Regular
C0347,Customer 347,46,Female,Bangalore,2024-03-11,New
C0348,Customer 348,54,Male,Mumbai,2024-03-31,New
C0349,Customer 349,49,Male,Mumbai,2024-09-01,Regular
C0350,Customer 350,30,Male,Mumbai,2025-02-10,Premium
C0351,Customer 351,40,Female,Hyderabad,2025-03-15,New
C0352,Customer 352,40,Female,Chennai,2025-03-23,Regular
C0353,Customer 353,32,Male,Delhi,2024-10-03,Regular
C0354,Customer 354,57,Male,Bangalore,2024-04-16,Regular
C0355,Customer 355,51,Female,Mumbai,2024-04-25,New
C0356,Customer 356,47,Female,Delhi,2025-01-08,Premium
C0357,Customer 357,30,Female,Chennai,2024-02-27,Regular
C0358,Customer 358,46,Male,Chennai,2024-04-25,Premium
C0359,Customer 359,34,Female,Delhi,2025-01-17,Regular
C0360,Customer 360,31,Female,Chennai,2024-07-21,Regular
C0361,Customer 361,39,Female,Delhi,2025-03-09,New
C0362,Customer 362,18,Male,Bangalore,2024-03-27,Premium
C0363,Customer 363,41,Female,Mumbai,2024-05-06,New
C0364,Customer 364,41,Male,Mumbai,2024-09-17,Regular
C0365,Customer 365,36,Male,Pune,2025-04-18,New
C0366,Customer 366,34,Female,Delhi,2025-04-28,Premium
C0367,Customer 367,27,Female,Mumbai,2025-04-30,Regular
C0368,Customer 368,54,Male,Pune,2025-01-28,New
C0369,Customer 369,33,Female,Delhi,2024-08-18,Regular
C0370,Customer 370,59,Female,Bangalore,2024-10-04,Regular
C0371,Customer 371,22,Male,Bangalore,2025-02-06,New
C0372,Customer 372,54,Male,Hyderabad,2024-10-26,New
C0373,Customer 373,57,Male,Delhi,2024-03-07,New
C0374,Customer 374,26,Male,Mumbai,2024-12-26,New
C0375,Customer 375,36,Male,Hyderabad,2024-08-28,Regular
C0376,Customer 376,34,Male,Chennai,2024-08-06,Premium
C0377,Customer 377,21,Female,Bangalore,2024-06-25,Regular
C0378,Customer 378,49,Female,Chennai,2024-01-12,Regular
C0379,Customer 379,19,Female,Mumbai,2024-02-02,Regular
C0380,Customer 380,46,Male,Delhi,2024-02-04,Regular
C0381,Customer 381,21,Male,Chennai,2025-01-10,Regular
C0382,Customer 382,48,Female,Pune,2024-10-09,Regular
C0383,Customer 383,32,Male,Mumbai,2024-01-22,Regular
C0384,Customer 384,19,Female,Mumbai,2024-08-19,Regular
C0385,Customer 385,42,Female,Hyderabad,2024-09-12,Regular
C0386,Customer 386,30,Female,Bangalore,2024-11-26,Premium
C0387,Customer 387,29,Male,Pune,2024-07-30,Premium
C0388,Customer 388,32,Male,Delhi,2025-02-09,Regular
C0389,Customer 389,31,Female,Bangalore,2025-05-15,Premium
C0390,Customer 390,25,Female,Pune,2025-05-01,Regular
C0391,Customer 391,18,Male,Chennai,2024-02-18,Regular
C0392,Customer 392,23,Female,Hyderabad,2024-02-03,Regular
C0393,Customer 393,53,Male,Mumbai,2024-07-17,Regular
C0394,Customer 394,41,Male,Pune,2024-12-09,Regular
C0395,Customer 395,52,Female,Hyderabad,2025-03-04,Regular
C0396,Customer 396,34,Female,Bangalore,2024-03-15,Regular
C0397,Customer 397,53,Male,Mumbai,2024-01-12,Regular
C0398,Customer 398,22,Female,Mumbai,2024-03-14,Regular
C0399,Customer 399,51,Female,Mumbai,2024-02-10,Premium
C0400,Customer 400,28,Male,Chennai,2024-06-15,Regular
C0401,Customer 401,56,Female,Hyderabad,2025-03-17,Premium
C0402,Customer 402,22,Female,Delhi,2024-04-15,Regular
C0403,Customer 403,37,Male,Bangalore,2024-11-28,Regular
C0404,Customer 404,30,Male,Bangalore,2024-06-18,Regular
C0405,Customer 405,41,Male,Hyderabad,2024-05-25,New
C0406,Customer 406,56,Male,Mumbai,2025-02-16,Regular
C0407,Customer 407,55,Female,Bangalore,2024-01-27,Regular
C0408,Customer 408,45,Female,Bangalore,2024-07-26,New
C0409,Customer 409,57,Male,Mumbai,2024-01-21,New
C0410,Customer 410,44,Female,Pune,2024-08-10,New
C0411,Customer 411,49,Female,Mumbai,2024-02-17,Premium
C0412,Customer 412,18,Female,Chennai,2024-01-20,Regular
C0413,Customer 413,32,Female,Mumbai,2024-01-21,Premium
C0414,Customer 414,25,Male,Mumbai,2024-03-20,Premium
C0415,Customer 415,42,Female,Pune,2024-03-31,Premium
C0416,Customer 416,58,Female,Hyderabad,2024-09-02,Regular
C0417,Customer 417,37,Male,Pune,2025-04-25,Regular
C0418,Customer 418,53,Male,Pune,2025-03-06,Regular
C0419,Customer 419,50,Female,Bangalore,2025-01-12,Regular
C0420,Customer 420,43,Male,Delhi,2024-12-16,New
C0421,Customer 421,60,Female,Hyderabad,2024-07-12,Regular
C0422,Customer 422,18,Male,Chennai,2024-08-06,Regular
C0423,Customer 423,43,Female,Bangalore,2024-11-17,Regular
C0424,Customer 424,56,Male,Bangalore,2025-02-09,Regular
C0425,Customer 425,23,Male,Bangalore,2024-02-25,Regular
C0426,Customer 426,52,Male,Chennai,2024-07-11,Regular
C0427,Customer 427,21,Male,Mumbai,2025-04-09,Regular
C0428,Customer 428,27,Male,Hyderabad,2024-09-22,Regular
C0429,Customer 429,58,Male,Pune,2025-01-22,Regular
C0430,Customer 430,42,Female,Hyderabad,2024-06-09,Regular
C0431,Customer 431,39,Female,Chennai,2024-11-21,New
C0432,Customer 432,44,Female,Chennai,2024-01-28,Regular
C0433,Customer 433,58,Female,Delhi,2024-05-29,Regular
C0434,Customer 434,31,Male,Delhi,2024-05-02,Premium
C0435,Customer 435,23,Female,Delhi,2025-05-04,Premium
C0436,Customer 436,26,Female,Mumbai,2024-10-27,Regular
C0437,Customer 437,49,Female,Hyderabad,2024-05-01,Premium
C0438,Customer 438,30,Male,Chennai,2025-04-28,Premium
C0439,Customer 439,34,Male,Bangalore,2024-09-25,Regular
C0440,Customer 440,54,Male,Pune,2024-05-26,New
C0441,Customer 441,60,Female,Pune,2024-12-09,Regular
C0442,Customer 442,27,Female,Chennai,2024-02-20,Regular
C0443,Customer 443,47,Male,Pune,2024-01-28,Regular
C0444,Customer 444,54,Male,Delhi,2024-03-23,Regular
C0445,Customer 445,32,Male,Delhi,2024-08-20,New
C0446,Customer 446,35,Male,Mumbai,2024-08-08,Regular
C0447,Customer 447,27,Male,Delhi,2024-09-22,Premium
C0448,Customer 448,28,Female,Pune,2024-06-16,New
C0449,Customer 449,23,Female,Pune,2024-11-27,Regular
C0450,Customer 450,52,Female,Delhi,2025-04-05,New
C0451,Customer 451,55,Male,Delhi,2025-04-29,Regular
C0452,Customer 452,38,Male,Delhi,2024-02-15,Regular
C0453,Customer 453,45,Female,Chennai,2024-10-12,Regular
C0454,Customer 454,29,Female,Delhi,2024-10-11,Regular
C0455,Customer 455,37,Male,Hyderabad,2024-11-16,Regular
C0456,Customer 456,53,Male,Chennai,2025-01-02,Regular
C0457,Customer 457,60,Male,Hyderabad,2024-07-14,Regular
C0458,Customer 458,31,Male,Chennai,2024-12-17,New
C0459,Customer 459,33,Male,Delhi,2024-12-25,Regular
C0460,Customer 460,38,Male,Mumbai,2024-09-08,New
C0461,Customer 461,33,Female,Bangalore,2024-04-04,Regular
C0462,Customer 462,47,Male,Mumbai,2024-02-26,New
C0463,Customer 463,18,Female,Bangalore,2025-04-11,Regular
C0464,Customer 464,39,Female,Mumbai,2024-03-10,Regular
C0465,Customer 465,19,Male,Pune,2024-03-06,Premium
C0466,Customer 466,23,Male,Hyderabad,2024-08-14,Regular
C0467,Customer 467,40,Female,Mumbai,2024-10-29,Regular
C0468,Customer 468,18,Female,Hyderabad,2024-10-05,Regular
C0469,Customer 469,32,Male,Delhi,2024-08-24,Regular
C0470,Customer 470,26,Female,Bangalore,2025-03-01,Regular
C0471,Customer 471,39,Male,Bangalore,2025-05-09,Regular
C0472,Customer 472,18,Male,Delhi,2024-10-20,Regular
C0473,Customer 473,42,Male,Mumbai,2024-07-29,Premium
C0474,Customer 474,34,Male,Mumbai,2025-04-02,Regular
C0475,Customer 475,52,Female,Delhi,2024-05-12,New
C0476,Customer 476,58,Female,Hyderabad,2024-12-25,Regular
C0477,Customer 477,20,Male,Delhi,2024-11-10,Premium
C0478,Customer 478,20,Female,Delhi,2024-11-28,Premium
C0479,Customer 479,34,Male,Chennai,2024-12-24,Regular
C0480,Customer 480,44,Male,Mumbai,2024-05-18,Regular
C0481,Customer 481,38,Male,Bangalore,2024-08-03,Regular
C0482,Customer 482,46,Female,Delhi,2024-10-19,Regular
C0483,Customer 483,36,Female,Hyderabad,2024-03-18,New
C0484,Customer 484,40,Female,Chennai,2024-08-08,Regular
C0485,Customer 485,25,Male,Chennai,2024-03-06,Regular
C0486,Customer 486,42,Male,Delhi,2024-11-06,Premium
C0487,Customer 487,59,Female,Mumbai,2024-11-24,Regular
C0488,Customer 488,35,Male,Delhi,2024-02-23,Premium
C0489,Customer 489,18,Female,Mumbai,2024-03-03,Regular
C0490,Customer 490,20,Female,Hyderabad,2025-04-07,Regular
C0491,Customer 491,32,Male,Hyderabad,2024-09-27,Regular
C0492,Customer 492,27,Female,Delhi,2024-03-24,Regular
C0493,Customer 493,50,Male,Mumbai,2025-02-03,New
C0494,Customer 494,40,Male,Bangalore,2025-02-06,Premium
C0495,Customer 495,54,Male,Bangalore,2025-02-24,New
C0496,Customer 496,27,Male,Hyderabad,2025-03-22,Regular
C0497,Customer 497,54,Male,Chennai,2024-04-15,New
C0498,Customer 498,19,Male,Mumbai,2025-01-09,Regular
C0499,Customer 499,58,Female,Mumbai,2024-03-27,New
C0500,Customer 500,55,Male,Mumbai,2024-12-28,Regular
C0501,Customer 501,20,Female,Bangalore,2025-04-25,Premium
C0502,Customer 502,50,Male,Pune,2024-09-02,Regular
C0503,Customer 503,24,Female,Mumbai,2024-05-26,Regular
C0504,Customer 504,24,Male,Chennai,2025-03-14,New
C0505,Customer 505,34,Male,Bangalore,2024-09-18,Regular
C0506,Customer 506,54,Male,Mumbai,2025-03-14,Premium
C0507,Customer 507,41,Male,Pune,2024-10-01,Regular
C0508,Customer 508,35,Female,Pune,2024-02-15,Regular
C0509,Customer 509,26,Female,Delhi,2024-01-22,Regular
C0510,Customer 510,46,Female,Hyderabad,2025-04-23,Regular
C0511,Customer 511,19,Female,Bangalore,2024-03-02,Regular
C0512,Customer 512,28,Female,Bangalore,2025-03-09,Regular
C0513,Customer 513,56,Male,Pune,2025-04-30,Premium
C0514,Customer 514,41,Female,Hyderabad,2024-08-11,Regular
C0515,Customer 515,37,Male,Hyderabad,2025-03-29,Regular
C0516,Customer 516,38,Male,Hyderabad,2024-07-23,Regular
C0517,Customer 517,52,Female,Delhi,2025-04-22,New
C0518,Customer 518,29,Male,Bangalore,2024-06-07,Regular
C0519,Customer 519,45,Female,Bangalore,2024-04-26,Regular
C0520,Customer 520,40,Female,Mumbai,2024-04-01,Regular
C0521,Customer 521,41,Male,Mumbai,2024-01-24,Regular
C0522,Customer 522,53,Male,Bangalore,2024-08-18,Regular
C0523,Customer 523,50,Female,Mumbai,2025-05-03,Regular
C0524,Customer 524,46,Male,Hyderabad,2024-10-30,Premium
C0525,Customer 525,38,Female,Chennai,2024-04-24,Regular
C0526,Customer 526,31,Female,Bangalore,2025-01-05,Premium
C0527,Customer 527,35,Female,Hyderabad,2024-06-03,Regular
C0528,Customer 528,40,Female,Mumbai,2025-03-18,Regular
C0529,Customer 529,37,Female,Pune,2024-01-10,Regular
C0530,Customer 530,26,Male,Mumbai,2024-01-09,Regular
C0531,Customer 531,23,Male,Mumbai,2024-01-29,Premium
C0532,Customer 532,56,Male,Delhi,2024-11-14,Premium
C0533,Customer 533,27,Male,Mumbai,2024-11-18,Regular
C0534,Customer 534,21,Female,Chennai,2024-02-14,New
C0535,Customer 535,21,Female,Delhi,2025-03-13,Premium
C0536,Customer 536,56,Male,Hyderabad,2024-04-01,Regular
C0537,Customer 537,42,Female,Pune,2024-02-27,New
C0538,Customer 538,56,Female,Mumbai,2025-04-30,Regular
C0539,Customer 539,27,Male,Chennai,2024-12-08,Regular
C0540,Customer 540,18,Male,Chennai,2024-06-01,New
C0541,Customer 541,36,Female,Chennai,2024-01-24,New
C0542,Customer 542,18,Male,Pune,2024-02-01,Regular
C0543,Customer 543,46,Female,Mumbai,2024-01-31,Regular
C0544,Customer 544,59,Male,Bangalore,2025-03-14,Premium
C0545,Customer 545,43,Male,Chennai,2024-12-22,Regular
C0546,Customer 546,47,Female,Chennai,2024-07-29,Regular
C0547,Customer 547,52,Female,Delhi,2024-12-07,Regular
C0548,Customer 548,55,Female,Pune,2024-02-22,Premium
C0549,Customer 549,35,Female,Delhi,2024-04-28,Premium
C0550,Customer 550,29,Male,Bangalore,2025-01-28,New
C0551,Customer 551,48,Female,Chennai,2024-06-06,Premium
C0552,Customer 552,28,Female,Chennai,2024-09-10,Regular
C0553,Customer 553,23,Female,Delhi,2024-11-02,Regular
C0554,Customer 554,59,Male,Hyderabad,2024-05-02,Regular
C0555,Customer 555,52,Male,Delhi,2024-09-02,Regular
C0556,Customer 556,21,Female,Hyderabad,2024-02-27,Regular
C0557,Customer 557,51,Male,Mumbai,2025-04-29,Regular
C0558,Customer 558,31,Male,Chennai,2025-02-10,Regular
C0559,Customer 559,33,Male,Chennai,2024-01-06,Premium
C0560,Customer 560,29,Male,Bangalore,2024-10-17,Regular
C0561,Customer 561,31,Male,Delhi,2024-08-02,Regular
C0562,Customer 562,45,Male,Bangalore,2024-11-24,Premium
C0563,Customer 563,35,Male,Bangalore,2024-01-04,Regular
C0564,Customer 564,41,Male,Chennai,2024-05-18,Premium
C0565,Customer 565,29,Male,Hyderabad,2024-04-14,New
C0566,Customer 566,41,Male,Bangalore,2024-10-19,New
C0567,Customer 567,18,Female,Mumbai,2024-08-30,Regular
C0568,Customer 568,20,Male,Chennai,2024-07-14,New
C0569,Customer 569,31,Male,Bangalore,2024-03-05,Regular
C0570,Customer 570,51,Female,Hyderabad,2024-10-20,Regular
C0571,Customer 571,36,Female,Hyderabad,2024-05-07,Regular
C0572,Customer 572,34,Male,Bangalore,2024-09-02,Regular
C0573,Customer 573,33,Male,Bangalore,2025-01-05,Premium
C0574,Customer 574,38,Female,Hyderabad,2024-04-14,Regular
C0575,Customer 575,23,Male,Chennai,2024-05-30,New
C0576,Customer 576,21,Male,Chennai,2024-01-13,New
C0577,Customer 577,20,Female,Pune,2024-07-14,Premium
C0578,Customer 578,53,Male,Hyderabad,2024-06-28,Premium
C0579,Customer 579,21,Female,Pune,2024-06-06,Regular
C0580,Customer 580,23,Female,Delhi,2024-04-03,New
C0581,Customer 581,23,Male,Bangalore,2024-02-11,Premium
C0582,Customer 582,18,Male,Mumbai,2025-04-16,Regular
C0583,Customer 583,26,Female,Mumbai,2024-04-09,Regular
C0584,Customer 584,38,Male,Hyderabad,2024-02-15,New
C0585,Customer 585,48,Female,Pune,2024-07-12,Regular
C0586,Customer 586,32,Female,Chennai,2024-03-09,Regular
C0587,Customer 587,41,Female,Hyderabad,2025-01-23,Regular
C0588,Customer 588,31,Male,Pune,2024-12-15,New
C0589,Customer 589,51,Male,Hyderabad,2024-12-17,Premium
C0590,Customer 590,29,Female,Pune,2024-03-16,Regular
C0591,Customer 591,57,Female,Bangalore,2024-03-21,Premium
C0592,Customer 592,23,Male,Hyderabad,2025-02-16,Regular
C0593,Customer 593,44,Male,Delhi,2024-04-04,Premium
C0594,Customer 594,40,Female,Chennai,2024-04-23,Regular
C0595,Customer 595,30,Male,Bangalore,2024-06-27,Regular
C0596,Customer 596,28,Male,Hyderabad,2024-04-08,Regular
C0597,Customer 597,27,Female,Hyderabad,2024-03-01,Regular
C0598,Customer 598,43,Female,Delhi,2025-01-04,New
C0599,Customer 599,34,Female,Pune,2024-12-28,Regular
C0600,Customer 600,28,Female,Delhi,2025-01-22,Regular
C0601,Customer 601,38,Female,Mumbai,2025-05-13,Regular
C0602,Customer 602,44,Female,Delhi,2024-03-09,Regular
C0603,Customer 603,32,Male,Pune,2024-01-10,Regular
C0604,Customer 604,18,Female,Bangalore,2025-03-12,Regular
C0605,Customer 605,29,Female,Bangalore,2024-08-25,New
C0606,Customer 606,29,Male,Delhi,2024-06-02,New
C0607,Customer 607,47,Female,Pune,2024-12-18,New
C0608,Customer 608,47,Female,Bangalore,2024-04-18,New
C0609,Customer 609,25,Male,Mumbai,2024-12-24,Regular
C0610,Customer 610,28,Female,Hyderabad,2024-12-14,Regular
C0611,Customer 611,25,Male,Delhi,2025-02-28,Regular
C0612,Customer 612,40,Female,Hyderabad,2024-05-24,Regular
C0613,Customer 613,41,Male,Delhi,2024-01-02,Regular
C0614,Customer 614,30,Male,Bangalore,2024-01-01,Premium
C0615,Customer 615,58,Male,Hyderabad,2024-01-30,Regular
C0616,Customer 616,18,Female,Chennai,2024-05-07,New
C0617,Customer 617,60,Male,Pune,2025-05-10,Premium
C0618,Customer 618,42,Male,Hyderabad,2024-01-06,Regular
C0619,Customer 619,20,Male,Mumbai,2025-03-12,Premium
C0620,Customer 620,54,Male,Pune,2025-04-13,Premium
C0621,Customer 621,32,Male,Bangalore,2024-02-01,Regular
C0622,Customer 622,45,Female,Mumbai,2024-09-09,New
C0623,Customer 623,18,Male,Pune,2024-09-17,Regular
C0624,Customer 624,21,Male,Bangalore,2024-01-02,Regular
C0625,Customer 625,56,Male,Pune,2024-12-29,Regular
C0626,Customer 626,30,Male,Hyderabad,2024-02-17,Regular
C0627,Customer 627,44,Female,Pune,2025-03-22,New
C0628,Customer 628,28,Female,Delhi,2024-06-22,Regular
C0629,Customer 629,44,Female,Chennai,2024-02-22,Premium
C0630,Customer 630,38,Female,Chennai,2024-12-14,Regular
C0631,Customer 631,37,Female,Chennai,2025-05-08,Premium
C0632,Customer 632,56,Female,Mumbai,2024-01-14,Regular
C0633,Customer 633,52,Male,Bangalore,2025-01-04,Premium
C0634,Customer 634,48,Female,Bangalore,2025-02-13,Regular
C0635,Customer 635,41,Female,Bangalore,2024-10-12,New
C0636,Customer 636,56,Male,Bangalore,2024-06-10,Regular
C0637,Customer 637,53,Male,Pune,2024-03-21,Regular
C0638,Customer 638,55,Female,Hyderabad,2025-02-22,Premium
C0639,Customer 639,46,Female,Mumbai,2024-12-17,Regular
C0640,Customer 640,38,Female,Hyderabad,2024-06-14,Regular
C0641,Customer 641,48,Male,Hyderabad,2025-02-24,Premium
C0642,Customer 642,31,Female,Bangalore,2025-04-14,Regular
C0643,Customer 643,35,Male,Chennai,2025-03-06,Regular
C0644,Customer 644,23,Male,Delhi,2025-05-11,Regular
C0645,Customer 645,59,Male,Hyderabad,2024-05-05,Regular
C0646,Customer 646,48,Male,Bangalore,2024-08-03,Regular
C0647,Customer 647,55,Male,Hyderabad,2024-04-13,Regular
C0648,Customer 648,33,Male,Mumbai,2024-03-18,Regular
C0649,Customer 649,43,Male,Bangalore,2024-01-04,Regular
C0650,Customer 650,56,Male,Delhi,2024-10-10,Premium
C0651,Customer 651,48,Male,Mumbai,2024-06-06,Premium
C0652,Customer 652,44,Female,Bangalore,2024-05-14,Premium
C0653,Customer 653,23,Female,Pune,2024-10-16,Regular
C0654,Customer 654,57,Male,Hyderabad,2024-05-17,New
C0655,Customer 655,53,Female,Bangalore,2024-10-16,New
C0656,Customer 656,53,Female,Hyderabad,2024-02-29,Premium
C0657,Customer 657,42,Male,Chennai,2025-03-20,Premium
C0658,Customer 658,23,Female,Delhi,2025-01-09,Regular
C0659,Customer 659,52,Male,Bangalore,2025-01-05,Regular
C0660,Customer 660,30,Male,Bangalore,2024-04-01,New
C0661,Customer 661,55,Male,Bangalore,2024-06-12,Regular
C0662,Customer 662,29,Female,Delhi,2024-06-04,Regular
C0663,Customer 663,43,Female,Pune,2025-04-17,Regular
C0664,Customer 664,60,Female,Bangalore,2024-05-06,Regular
C0665,Customer 665,29,Female,Mumbai,2024-07-22,Regular
C0666,Customer 666,36,Male,Chennai,2025-01-02,Regular
C0667,Customer 667,18,Male,Bangalore,2024-07-24,Premium
C0668,Customer 668,25,Male,Pune,2025-04-19,Regular
C0669,Customer 669,45,Female,Chennai,2024-02-08,New
C0670,Customer 670,26,Male,Chennai,2024-04-14,Regular
C0671,Customer 671,42,Female,Mumbai,2024-12-02,New
C0672,Customer 672,41,Male,Pune,2024-11-20,Regular
C0673,Customer 673,52,Female,Bangalore,2024-07-28,Regular
C0674,Customer 674,33,Male,Bangalore,2024-09-25,New
C0675,Customer 675,39,Male,Chennai,2024-11-09,Premium
C0676,Customer 676,53,Male,Pune,2024-09-11,Regular
C0677,Customer 677,37,Male,Chennai,2024-12-19,Regular
C0678,Customer 678,37,Male,Delhi,2024-04-18,Regular
C0679,Customer 679,55,Female,Mumbai,2024-05-24,Premium
C0680,Customer 680,40,Male,Bangalore,2024-03-05,Regular
C0681,Customer 681,42,Female,Hyderabad,2024-02-20,New
C0682,Customer 682,57,Male,Bangalore,2024-04-10,Regular
C0683,Customer 683,37,Male,Bangalore,2024-11-06,New
C0684,Customer 684,31,Male,Bangalore,2025-04-03,Premium
C0685,Customer 685,27,Female,Delhi,2025-02-16,Regular
C0686,Customer 686,19,Male,Delhi,2024-12-25,Regular
C0687,Customer 687,33,Male,Pune,2025-01-31,New
C0688,Customer 688,30,Male,Pune,2024-07-21,Regular
C0689,Customer 689,54,Male,Pune,2024-12-11,Regular
C0690,Customer 690,21,Male,Delhi,2024-05-24,Regular
C0691,Customer 691,51,Male,Bangalore,2025-02-13,Premium
C0692,Customer 692,47,Female,Hyderabad,2024-03-21,New
C0693,Customer 693,47,Male,Bangalore,2024-08-28,Premium
C0694,Customer 694,43,Female,Hyderabad,2024-06-28,Regular
C0695,Customer 695,25,Male,Bangalore,2025-01-25,Regular
C0696,Customer 696,31,Female,Pune,2024-01-12,New
C0697,Customer 697,37,Female,Bangalore,2024-02-14,Regular
C0698,Customer 698,56,Male,Chennai,2024-10-05,Regular
C0699,Customer 699,23,Female,Pune,2024-02-07,New
C0700,Customer 700,26,Male,Hyderabad,2025-03-21,Regular
C0701,Customer 701,55,Female,Chennai,2024-05-29,Regular
C0702,Customer 702,53,Male,Delhi,2025-04-12,Regular
C0703,Customer 703,48,Male,Chennai,2024-06-17,Regular
C0704,Customer 704,59,Male,Bangalore,2025-03-22,Regular
C0705,Customer 705,58,Female,Mumbai,2025-03-03,New
C0706,Customer 706,30,Male,Bangalore,2025-03-11,Regular
C0707,Customer 707,26,Male,Hyderabad,2025-04-26,Premium
C0708,Customer 708,28,Female,Mumbai,2024-11-18,Premium
C0709,Customer 709,32,Female,Mumbai,2024-08-16,Premium
C0710,Customer 710,40,Female,Delhi,2024-07-24,New
C0711,Customer 711,32,Male,Hyderabad,2024-10-26,Regular
C0712,Customer 712,18,Male,Hyderabad,2024-03-22,Regular
C0713,Customer 713,40,Male,Pune,2024-09-14,Premium
C0714,Customer 714,45,Female,Mumbai,2024-05-07,Premium
C0715,Customer 715,26,Female,Bangalore,2024-11-05,Regular
C0716,Customer 716,43,Female,Bangalore,2024-09-14,Regular
C0717,Customer 717,37,Male,Bangalore,2024-10-06,New
C0718,Customer 718,48,Male,Bangalore,2024-08-07,New
C0719,Customer 719,23,Female,Pune,2024-09-12,Regular
C0720,Customer 720,41,Female,Bangalore,2024-07-09,Regular
C0721,Customer 721,29,Male,Bangalore,2024-07-10,Regular
C0722,Customer 722,26,Female,Hyderabad,2024-03-28,Regular
C0723,Customer 723,36,Female,Chennai,2025-04-02,Regular
C0724,Customer 724,52,Female,Hyderabad,2024-05-22,Premium
C0725,Customer 725,22,Female,Delhi,2024-09-12,Regular
C0726,Customer 726,33,Male,Mumbai,2025-04-07,Regular
C0727,Customer 727,24,Male,Delhi,2024-12-25,Regular
C0728,Customer 728,60,Female,Bangalore,2024-09-02,Regular
C0729,Customer 729,28,Female,Mumbai,2024-05-17,Regular
C0730,Customer 730,40,Male,Bangalore,2024-07-29,Regular
C0731,Customer 731,32,Male,Chennai,2024-04-29,Regular
C0732,Customer 732,45,Female,Delhi,2024-09-16,Regular
C0733,Customer 733,54,Female,Delhi,2024-05-07,Regular
C0734,Customer 734,51,Female,Bangalore,2025-02-12,Regular
C0735,Customer 735,52,Female,Hyderabad,2024-08-29,Regular
C0736,Customer 736,33,Female,Chennai,2025-01-24,Regular
C0737,Customer 737,48,Male,Hyderabad,2025-01-23,New
C0738,Customer 738,52,Male,Chennai,2024-08-15,Regular
C0739,Customer 739,50,Female,Pune,2024-07-01,New
C0740,Customer 740,46,Female,Hyderabad,2025-01-18,Regular
C0741,Customer 741,27,Male,Delhi,2025-04-13,New
C0742,Customer 742,50,Female,Hyderabad,2024-08-20,Regular
C0743,Customer 743,23,Female,Pune,2024-09-30,Regular
C0744,Customer 744,32,Male,Chennai,2024-10-27,Regular
C0745,Customer 745,56,Male,Delhi,2024-03-06,Premium
C0746,Customer 746,39,Female,Delhi,2024-02-12,Premium
C0747,Customer 747,53,Male,Chennai,2024-03-02,Regular
C0748,Customer 748,42,Male,Bangalore,2024-11-24,Regular
C0749,Customer 749,27,Male,Mumbai,2024-10-01,Regular
C0750,Customer 750,40,Male,Pune,2024-01-06,Regular
C0751,Customer 751,37,Female,Hyderabad,2025-03-09,Premium
C0752,Customer 752,19,Male,Pune,2024-09-17,Regular
C0753,Customer 753,39,Male,Chennai,2025-03-03,Regular
C0754,Customer 754,44,Male,Chennai,2024-09-05,Regular
C0755,Customer 755,25,Female,Chennai,2024-06-08,Regular
C0756,Customer 756,51,Female,Bangalore,2024-07-10,Regular
C0757,Customer 757,39,Male,Bangalore,2024-08-20,Premium
C0758,Customer 758,48,Male,Mumbai,2024-08-21,Regular
C0759,Customer 759,45,Female,Bangalore,2024-04-23,Regular
C0760,Customer 760,24,Female,Pune,2024-05-10,Regular
C0761,Customer 761,38,Male,Chennai,2024-12-31,Regular
C0762,Customer 762,56,Female,Delhi,2024-12-24,New
C0763,Customer 763,41,Female,Pune,2024-05-02,Premium
C0764,Customer 764,60,Female,Chennai,2024-04-02,Regular
C0765,Customer 765,36,Male,Chennai,2024-05-23,Premium
C0766,Customer 766,59,Male,Pune,2024-10-09,Regular
C0767,Customer 767,42,Male,Chennai,2025-04-11,New
C0768,Customer 768,37,Male,Pune,2024-04-27,New
C0769,Customer 769,34,Male,Pune,2024-06-22,Regular
C0770,Customer 770,39,Female,Delhi,2024-01-03,New
C0771,Customer 771,34,Female,Pune,2024-03-31,Regular
C0772,Customer 772,42,Female,Pune,2025-05-04,Regular
C0773,Customer 773,28,Male,Bangalore,2024-04-13,Regular
C0774,Customer 774,43,Male,Chennai,2024-10-02,Regular
C0775,Customer 775,19,Female,Chennai,2025-02-13,Regular
C0776,Customer 776,23,Male,Mumbai,2024-06-22,New
C0777,Customer 777,28,Female,Delhi,2024-07-01,Regular
C0778,Customer 778,58,Male,Delhi,2024-11-13,Regular
C0779,Customer 779,26,Male,Bangalore,2024-11-12,Regular
C0780,Customer 780,28,Male,Delhi,2024-09-15,Regular
C0781,Customer 781,39,Female,Chennai,2024-11-18,Premium
C0782,Customer 782,47,Male,Hyderabad,2024-03-16,Regular
C0783,Customer 783,52,Female,Chennai,2024-10-21,Regular
C0784,Customer 784,21,Female,Delhi,2025-01-05,Regular
C0785,Customer 785,24,Male,Delhi,2024-06-07,Premium
C0786,Customer 786,32,Female,Chennai,2025-01-01,Regular
C0787,Customer 787,20,Male,Delhi,2024-06-09,Regular
C0788,Customer 788,53,Male,Hyderabad,2024-07-23,Regular
C0789,Customer 789,40,Female,Hyderabad,2024-01-24,Regular
C0790,Customer 790,55,Female,Bangalore,2024-02-25,Regular
C0791,Customer 791,38,Female,Chennai,2024-04-24,New
C0792,Customer 792,20,Female,Bangalore,2024-05-07,New
C0793,Customer 793,37,Male,Mumbai,2024-06-04,New
C0794,Customer 794,55,Male,Pune,2025-02-21,Premium
C0795,Customer 795,24,Female,Chennai,2024-08-20,Regular
C0796,Customer 796,24,Female,Pune,2024-11-07,Regular
C0797,Customer 797,35,Female,Hyderabad,2024-02-01,Regular
C0798,Customer 798,21,Female,Chennai,2025-03-02,Premium
C0799,Customer 799,55,Female,Mumbai,2024-06-20,Regular
C0800,Customer 800,24,Male,Chennai,2024-04-30,Premium
C0801,Customer 801,41,Male,Hyderabad,2024-07-06,Regular
C0802,Customer 802,24,Female,Hyderabad,2024-08-31,Regular
C0803,Customer 803,34,Male,Mumbai,2025-02-07,Premium
C0804,Customer 804,21,Female,Chennai,2024-02-07,Regular
C0805,Customer 805,44,Male,Chennai,2024-01-11,Regular
C0806,Customer 806,37,Female,Mumbai,2024-05-12,Regular
C0807,Customer 807,38,Female,Hyderabad,2024-11-14,Regular
C0808,Customer 808,28,Female,Pune,2024-02-22,Regular
C0809,Customer 809,28,Male,Pune,2024-02-12,Regular
C0810,Customer 810,31,Female,Mumbai,2024-01-07,Regular
C0811,Customer 811,43,Female,Hyderabad,2024-12-29,Regular
C0812,Customer 812,28,Male,Mumbai,2024-07-09,Regular
C0813,Customer 813,35,Female,Hyderabad,2024-06-28,Regular
C0814,Customer 814,40,Female,Delhi,2024-06-15,Regular
C0815,Customer 815,24,Female,Pune,2024-08-26,Regular
C0816,Customer 816,34,Male,Chennai,2024-01-16,Regular
C0817,Customer 817,30,Female,Mumbai,2024-04-30,Regular
C0818,Customer 818,44,Female,Delhi,2024-04-09,Premium
C0819,Customer 819,26,Male,Pune,2024-01-27,Premium
C0820,Customer 820,20,Male,Delhi,2024-03-29,New
C0821,Customer 821,21,Female,Hyderabad,2024-08-20,Regular
C0822,Customer 822,27,Male,Hyderabad,2025-05-03,Regular
C0823,Customer 823,46,Female,Mumbai,2024-03-02,New
C0824,Customer 824,32,Female,Pune,2024-05-25,Regular
C0825,Customer 825,57,Female,Pune,2024-12-05,Regular
C0826,Customer 826,25,Female,Bangalore,2024-09-30,Regular
C0827,Customer 827,21,Female,Pune,2024-02-16,Premium
C0828,Customer 828,60,Male,Pune,2024-01-27,Regular
C0829,Customer 829,24,Female,Pune,2025-05-05,Regular
C0830,Customer 830,36,Male,Hyderabad,2025-02-07,Regular
C0831,Customer 831,24,Male,Mumbai,2025-02-13,New
C0832,Customer 832,22,Female,Delhi,2024-08-01,Regular
C0833,Customer 833,28,Male,Bangalore,2024-02-16,Regular
C0834,Customer 834,52,Male,Delhi,2024-12-06,Regular
C0835,Customer 835,47,Female,Bangalore,2025-04-01,Regular
C0836,Customer 836,56,Female,Chennai,2024-07-13,New
C0837,Customer 837,21,Male,Chennai,2025-04-28,Regular
C0838,Customer 838,40,Male,Delhi,2024-05-06,Regular
C0839,Customer 839,58,Female,Mumbai,2024-03-07,Regular
C0840,Customer 840,21,Male,Pune,2024-03-17,Premium
C0841,Customer 841,45,Male,Chennai,2025-01-30,Regular
C0842,Customer 842,50,Female,Bangalore,2025-02-14,Regular
C0843,Customer 843,51,Male,Chennai,2024-11-12,Premium
C0844,Customer 844,38,Male,Bangalore,2024-04-08,Regular
C0845,Customer 845,49,Male,Bangalore,2024-12-05,Premium
C0846,Customer 846,45,Female,Bangalore,2024-01-31,Regular
C0847,Customer 847,56,Male,Mumbai,2024-12-17,Regular
C0848,Customer 848,47,Male,Chennai,2024-05-04,Regular
C0849,Customer 849,24,Female,Mumbai,2024-04-26,Regular
C0850,Customer 850,35,Female,Delhi,2025-03-25,Regular
C0851,Customer 851,30,Female,Bangalore,2024-02-05,Regular
C0852,Customer 852,40,Male,Hyderabad,2025-03-07,Premium
C0853,Customer 853,36,Female,Mumbai,2024-10-13,New
C0854,Customer 854,22,Female,Bangalore,2025-03-28,Premium
C0855,Customer 855,21,Male,Pune,2024-01-03,Regular
C0856,Customer 856,31,Male,Chennai,2025-04-11,Regular
C0857,Customer 857,48,Female,Delhi,2025-03-12,Regular
C0858,Customer 858,23,Female,Mumbai,2024-06-20,Regular
C0859,Customer 859,31,Male,Mumbai,2024-04-28,Premium
C0860,Customer 860,47,Male,Chennai,2024-05-17,Regular
C0861,Customer 861,41,Male,Bangalore,2024-12-21,New
C0862,Customer 862,46,Female,Mumbai,2025-04-09,Regular
C0863,Customer 863,31,Female,Delhi,2025-04-29,Regular
C0864,Customer 864,21,Male,Chennai,2025-02-11,Regular
C0865,Customer 865,23,Female,Chennai,2025-04-15,Regular
C0866,Customer 866,25,Male,Pune,2024-03-31,New
C0867,Customer 867,37,Male,Mumbai,2024-01-22,New
C0868,Customer 868,21,Male,Chennai,2024-10-13,Regular
C0869,Customer 869,55,Male,Bangalore,2025-05-07,Regular
C0870,Customer 870,20,Male,Hyderabad,2025-01-04,Regular
C0871,Customer 871,36,Female,Mumbai,2025-05-10,Regular
C0872,Customer 872,44,Male,Pune,2025-01-17,Premium
C0873,Customer 873,58,Female,Delhi,2024-09-25,Regular
C0874,Customer 874,42,Male,Chennai,2025-02-27,Premium
C0875,Customer 875,19,Female,Chennai,2025-03-17,Premium
C0876,Customer 876,57,Female,Mumbai,2024-09-22,Regular
C0877,Customer 877,18,Female,Hyderabad,2024-03-22,Premium
C0878,Customer 878,25,Female,Mumbai,2025-02-19,Regular
C0879,Customer 879,26,Male,Hyderabad,2025-04-30,New
C0880,Customer 880,32,Female,Delhi,2024-01-10,Regular
C0881,Customer 881,53,Female,Hyderabad,2024-10-23,New
C0882,Customer 882,51,Female,Delhi,2024-08-06,Regular
C0883,Customer 883,23,Male,Delhi,2024-02-08,Regular
C0884,Customer 884,20,Female,Bangalore,2024-04-02,Regular
C0885,Customer 885,29,Female,Chennai,2024-12-11,New
C0886,Customer 886,40,Female,Pune,2025-03-29,Regular
C0887,Customer 887,52,Female,Hyderabad,2024-04-27,Regular
C0888,Customer 888,27,Male,Chennai,2025-02-14,Regular
C0889,Customer 889,31,Female,Pune,2024-05-08,Premium
C0890,Customer 890,31,Male,Hyderabad,2024-12-24,Premium
C0891,Customer 891,60,Female,Mumbai,2025-02-09,Regular
C0892,Customer 892,58,Female,Hyderabad,2024-04-05,New
C0893,Customer 893,59,Male,Chennai,2025-03-02,New
C0894,Customer 894,51,Female,Chennai,2024-04-21,Regular
C0895,Customer 895,38,Male,Pune,2025-03-29,Regular
C0896,Customer 896,29,Male,Mumbai,2024-10-21,Regular
C0897,Customer 897,41,Female,Bangalore,2024-06-17,Regular
C0898,Customer 898,24,Male,Bangalore,2024-05-21,Regular
C0899,Customer 899,58,Female,Chennai,2024-02-17,Regular
C0900,Customer 900,20,Male,Pune,2024-01-25,Regular
C0901,Customer 901,35,Male,Pune,2025-01-17,Premium
C0902,Customer 902,36,Male,Pune,2024-08-10,Regular
C0903,Customer 903,55,Female,Pune,2025-01-27,Regular
C0904,Customer 904,31,Female,Bangalore,2024-08-27,Regular
C0905,Customer 905,27,Female,Hyderabad,2024-05-29,New
C0906,Customer 906,31,Male,Bangalore,2024-03-06,Regular
C0907,Customer 907,43,Female,Delhi,2024-02-25,Regular
C0908,Customer 908,26,Male,Hyderabad,2025-04-26,Premium
C0909,Customer 909,25,Male,Pune,2025-01-13,Regular
C0910,Customer 910,21,Male,Delhi,2024-02-20,Regular
C0911,Customer 911,56,Male,Pune,2024-06-30,New
C0912,Customer 912,41,Female,Hyderabad,2025-04-21,Regular
C0913,Customer 913,60,Female,Hyderabad,2025-04-20,Regular
C0914,Customer 914,49,Female,Delhi,2025-01-07,Regular
C0915,Customer 915,56,Female,Delhi,2024-03-10,Regular
C0916,Customer 916,20,Male,Hyderabad,2024-09-20,Regular
C0917,Customer 917,52,Female,Chennai,2024-09-15,Premium
C0918,Customer 918,30,Female,Hyderabad,2024-01-20,Regular
C0919,Customer 919,39,Female,Hyderabad,2024-06-03,Premium
C0920,Customer 920,21,Female,Delhi,2024-07-15,Premium
C0921,Customer 921,28,Female,Mumbai,2024-10-07,Regular
C0922,Customer 922,21,Female,Pune,2024-03-18,Regular
C0923,Customer 923,52,Male,Delhi,2024-07-25,Regular
C0924,Customer 924,20,Female,Hyderabad,2025-02-13,Premium
C0925,Customer 925,43,Female,Bangalore,2024-12-28,Premium
C0926,Customer 926,20,Male,Delhi,2024-09-01,Regular
C0927,Customer 927,30,Female,Chennai,2024-04-10,Regular
C0928,Customer 928,45,Female,Pune,2025-05-15,Regular
C0929,Customer 929,27,Female,Mumbai,2025-03-28,New
C0930,Customer 930,53,Male,Pune,2024-06-01,Premium
C0931,Customer 931,23,Male,Chennai,2024-10-05,Regular
C0932,Customer 932,36,Male,Mumbai,2024-11-18,New
C0933,Customer 933,35,Female,Delhi,2024-01-20,Regular
C0934,Customer 934,47,Male,Pune,2025-04-03,New
C0935,Customer 935,45,Female,Delhi,2024-03-17,New
C0936,Customer 936,34,Female,Delhi,2025-02-20,Premium
C0937,Customer 937,27,Female,Pune,2025-01-08,Regular
C0938,Customer 938,27,Male,Chennai,2025-01-11,Regular
C0939,Customer 939,49,Male,Chennai,2024-01-24,Regular
C0940,Customer 940,23,Male,Chennai,2024-01-23,Regular
C0941,Customer 941,27,Female,Mumbai,2025-04-25,Regular
C0942,Customer 942,27,Female,Bangalore,2025-03-11,Premium
C0943,Customer 943,50,Male,Bangalore,2024-04-28,New
C0944,Customer 944,18,Male,Bangalore,2024-07-13,Regular
C0945,Customer 945,35,Female,Chennai,2025-03-31,Premium
C0946,Customer 946,18,Male,Hyderabad,2024-04-10,Premium
C0947,Customer 947,32,Male,Hyderabad,2024-03-03,Premium
C0948,Customer 948,42,Male,Hyderabad,2025-02-05,Regular
C0949,Customer 949,22,Female,Delhi,2024-06-25,Premium
C0950,Customer 950,33,Female,Delhi,2025-02-24,Premium
C0951,Customer 951,36,Female,Bangalore,2024-06-07,New
C0952,Customer 952,26,Male,Delhi,2025-03-16,Regular
C0953,Customer 953,34,Female,Bangalore,2024-07-24,Regular
C0954,Customer 954,48,Female,Hyderabad,2025-02-13,New
C0955,Customer 955,26,Female,Mumbai,2024-07-09,Regular
C0956,Customer 956,45,Female,Bangalore,2024-03-11,Regular
C0957,Customer 957,52,Female,Bangalore,2024-05-03,New
C0958,Customer 958,37,Male,Bangalore,2024-01-03,Premium
C0959,Customer 959,33,Male,Hyderabad,2024-12-25,Premium
C0960,Customer 960,25,Male,Mumbai,2024-08-18,Regular
C0961,Customer 961,56,Male,Chennai,2024-01-29,Premium
C0962,Customer 962,44,Female,Bangalore,2024-05-31,Regular
C0963,Customer 963,48,Male,Mumbai,2024-11-12,New
C0964,Customer 964,28,Female,Pune,2024-09-15,Premium
C0965,Customer 965,29,Male,Mumbai,2025-02-09,Regular
C0966,Customer 966,40,Female,Chennai,2024-01-24,New
C0967,Customer 967,28,Male,Bangalore,2024-02-16,New
C0968,Customer 968,39,Male,Mumbai,2025-03-20,Premium
C0969,Customer 969,31,Female,Pune,2024-04-01,New
C0970,Customer 970,40,Female,Hyderabad,2024-03-12,New
C0971,Customer 971,25,Female,Hyderabad,2024-09-15,New
C0972,Customer 972,49,Male,Hyderabad,2025-04-20,Regular
C0973,Customer 973,28,Male,Delhi,2024-02-16,New
C0974,Customer 974,19,Male,Hyderabad,2024-07-05,New
C0975,Customer 975,39,Female,Pune,2024-10-26,New
C0976,Customer 976,22,Female,Hyderabad,2024-06-18,Premium
C0977,Customer 977,32,Male,Hyderabad,2025-05-05,Regular
C0978,Customer 978,33,Male,Hyderabad,2025-03-01,Premium
C0979,Customer 979,51,Male,Mumbai,2024-03-28,Regular
C0980,Customer 980,58,Female,Mumbai,2025-03-14,Regular
C0981,Customer 981,46,Female,Mumbai,2024-05-09,Regular
C0982,Customer 982,49,Male,Hyderabad,2024-09-22,Regular
C0983,Customer 983,34,Male,Pune,2024-09-15,New
C0984,Customer 984,40,Male,Chennai,2025-01-02,Regular
C0985,Customer 985,58,Female,Pune,2024-11-12,Premium
C0986,Customer 986,23,Male,Bangalore,2024-06-16,Regular
C0987,Customer 987,50,Male,Delhi,2024-02-01,Regular
C0988,Customer 988,20,Male,Chennai,2024-05-17,Regular
C0989,Customer 989,34,Male,Bangalore,2024-04-14,Premium
C0990,Customer 990,44,Female,Hyderabad,2024-05-02,Regular
C0991,Customer 991,59,Female,Pune,2025-05-13,Regular
C0992,Customer 992,45,Female,Delhi,2025-02-13,New
C0993,Customer 993,26,Female,Mumbai,2024-12-04,Regular
C0994,Customer 994,28,Male,Mumbai,2025-04-15,Regular
C0995,Customer 995,38,Male,Bangalore,2025-01-27,New
C0996,Customer 996,58,Female,Pune,2025-02-28,Regular
C0997,Customer 997,55,Male,Chennai,2024-10-13,Premium
C0998,Customer 998,43,Male,Bangalore,2024-11-06,New
C0999,Customer 999,29,Female,Chennai,2024-10-19,New
C1000,Customer 1000,24,Male,Chennai,2025-05-13,Regular
