customer_id,last_purchase_date,total_orders,total_spend,avg_delivery_delay_days,support_tickets,churn_status
C0001,2026-02-26,4,9246.51,2.5,2,Active
C0002,2026-01-03,8,19854.24,4.875,3,Active
C0003,2025-07-04,3,8350.53,3.6666666666666665,0,Churned
C0004,2026-01-30,4,7644.29,5.0,0,Active
C0005,2026-06-03,5,13430.16,5.0,4,Active
C0006,2026-01-01,2,4485.93,6.5,4,Active
C0007,2025-06-27,1,4646.56,4.0,1,Churned
C0008,2025-05-24,1,1472.97,8.0,0,Churned
C0009,2025-02-23,1,474.39,8.0,1,Churned
C0010,2026-07-10,2,5493.51,5.0,4,Active
C0011,2025-08-07,6,19931.25,2.8333333333333335,0,Churned
C0012,2025-03-15,8,24506.87,3.375,3,Churned
C0013,2026-06-13,2,3281.9700000000003,6.5,4,Active
C0014,2025-09-25,6,14251.99,4.0,2,Churned
C0015,2026-01-26,7,18118.48,4.571428571428571,4,Active
C0016,2025-07-22,7,18353.38,5.285714285714286,3,Churned
C0017,2025-05-28,2,6293.41,3.0,1,Churned
C0018,2026-04-18,5,13969.59,4.4,0,Active
C0019,2025-11-16,5,13439.28,5.8,4,Active
C0020,2025-08-15,6,16465.22,4.5,2,Churned
C0021,2025-05-20,2,3328.9500000000003,4.0,1,Churned
C0022,2024-11-28,1,4748.43,4.0,0,Churned
C0023,2025-08-07,7,15649.85,5.428571428571429,0,Churned
C0024,2026-02-06,7,24744.34,5.428571428571429,0,Active
C0025,2026-07-30,3,9955.48,5.0,1,Active
C0026,2025-10-02,8,25018.89,5.0,4,Active
C0027,2025-04-10,6,14742.44,6.0,0,Churned
C0028,2026-10-06,1,4197.63,5.0,3,Active
C0029,2025-02-22,2,6249.09,7.0,3,Churned
C0030,2026-03-18,5,6545.9,5.2,4,Active
C0031,2024-09-21,2,8908.83,2.5,0,Churned
C0032,2024-10-26,6,19870.47,4.166666666666667,1,Churned
C0033,2025-10-13,2,3749.42,3.5,3,Active
C0034,2025-06-18,2,4425.25,7.0,3,Churned
C0035,2025-12-02,4,10229.85,6.0,3,Active
C0036,2025-09-30,1,3081.97,6.0,3,Churned
C0037,2026-05-30,6,14247.24,5.333333333333333,1,Active
C0038,2025-08-03,7,23534.1,4.571428571428571,3,Churned
C0039,2026-01-16,2,7618.0,5.0,4,Active
C0040,2025-01-11,3,3864.22,4.0,2,Churned
C0041,2025-07-03,2,4652.08,1.0,3,Churned
C0042,2026-02-18,8,23289.18,3.75,1,Active
C0043,2025-07-05,8,30674.9,4.625,4,Churned
C0044,2025-12-24,1,4603.5,8.0,0,Active
C0045,2026-09-29,7,21224.34,3.7142857142857144,1,Active
C0046,2026-05-21,8,18379.94,3.75,1,Active
C0047,2025-12-09,3,5154.57,3.6666666666666665,3,Active
C0048,2025-11-03,3,7245.04,6.0,2,Active
C0049,2025-10-14,3,6258.93,5.333333333333333,4,Active
C0050,2025-08-19,6,21119.120000000003,3.0,4,Churned
C0051,2026-01-27,8,21818.52,4.75,2,Active
C0052,2026-01-12,6,12633.43,4.0,2,Active
C0053,2026-01-05,5,9705.55,6.4,0,Active
C0054,2026-04-14,8,19413.170000000002,4.625,1,Active
C0055,2025-10-06,1,2205.85,3.0,1,Active
C0056,2026-04-03,2,5648.21,7.0,3,Active
C0057,2025-05-11,7,23893.72,4.285714285714286,4,Churned
C0058,2026-03-31,4,8242.44,6.0,0,Active
C0059,2025-07-25,1,2162.56,3.0,1,Churned
C0060,2026-05-25,6,16649.83,3.5,4,Active
C0061,2026-06-11,5,17781.35,6.4,2,Active
C0062,2025-06-15,6,13118.400000000001,5.5,0,Churned
C0063,2024-09-29,3,6519.28,7.666666666666667,1,Churned
C0064,2026-08-05,7,18739.27,4.714285714285714,3,Active
C0065,2025-06-02,3,4875.02,7.0,2,Churned
C0066,2026-07-07,7,10817.06,3.857142857142857,1,Active
C0067,2025-04-09,6,6340.68,4.166666666666667,2,Churned
C0068,2025-07-25,8,26871.71,5.5,1,Churned
C0069,2026-06-09,1,701.84,7.0,0,Active
C0070,2025-07-15,8,23613.17,4.125,1,Churned
C0071,2025-12-16,2,4624.89,5.0,1,Active
C0072,2025-09-10,1,4768.84,8.0,2,Churned
C0073,2025-05-20,3,7841.85,6.0,2,Churned
C0074,2025-11-09,1,1461.51,2.0,1,Active
C0075,2026-01-17,3,13825.45,4.333333333333333,3,Active
C0076,2025-09-21,7,15942.170000000002,4.857142857142857,2,Churned
C0077,2026-06-06,2,6735.969999999999,2.5,3,Active
C0078,2025-02-23,1,4122.12,7.0,3,Churned
C0079,2026-01-10,6,16235.24,4.5,0,Active
C0080,2026-03-05,2,6419.860000000001,2.0,4,Active
C0081,2025-06-05,5,11582.43,4.4,2,Churned
C0082,2024-09-26,2,4389.56,6.5,0,Churned
C0083,2024-05-06,1,4321.71,1.0,1,Churned
C0084,2025-07-28,7,18657.47,4.857142857142857,0,Churned
C0085,2025-11-09,5,7229.31,4.4,2,Active
C0086,2025-10-07,2,1594.37,4.5,3,Active
C0087,2024-09-24,4,8960.16,5.5,4,Churned
C0088,2026-02-08,6,19606.29,5.333333333333333,3,Active
C0089,2025-12-24,1,2963.32,7.0,4,Active
C0090,2025-10-26,1,4748.28,3.0,0,Active
C0091,2025-03-14,4,12279.83,4.0,3,Churned
C0092,2025-04-22,3,4536.35,4.333333333333333,0,Churned
C0093,2025-08-20,1,1206.48,2.0,1,Churned
C0094,2025-06-13,7,20860.25,2.857142857142857,3,Churned
C0095,2025-05-02,8,12092.369999999999,5.0,2,Churned
C0096,2025-10-03,3,5347.58,1.6666666666666667,1,Active
C0097,2026-08-30,7,20567.71,6.142857142857143,2,Active
C0098,2025-10-09,4,11941.16,6.25,4,Active
C0099,2025-04-04,4,12747.84,5.25,2,Churned
C0100,2026-02-20,2,1426.08,4.5,4,Active
C0101,2026-02-16,5,11524.119999999999,5.8,4,Active
C0102,2025-12-11,5,9401.869999999999,3.4,0,Active
C0103,2026-01-12,4,11678.43,4.5,4,Active
C0104,2026-02-01,3,6090.02,2.3333333333333335,2,Active
C0105,2025-11-21,3,13024.95,5.333333333333333,1,Active
C0106,2025-10-11,4,9718.39,2.75,4,Active
C0107,2025-05-14,6,16682.66,4.0,4,Churned
C0108,2026-01-29,4,9964.7,5.5,1,Active
C0109,2025-06-28,1,2136.51,1.0,4,Churned
C0110,2026-06-09,4,14745.18,6.25,4,Active
C0111,2026-03-18,8,27243.87,4.75,1,Active
C0112,2026-07-02,7,12482.57,4.0,0,Active
C0113,2025-12-20,3,7923.33,4.666666666666667,0,Active
C0114,2024-10-29,1,3410.9,8.0,2,Churned
C0115,2025-11-20,5,8373.92,4.0,0,Active
C0116,2026-02-19,8,18631.35,4.5,2,Active
C0117,2025-11-23,2,2240.03,5.0,4,Active
C0118,2025-09-17,6,19821.940000000002,4.333333333333333,3,Churned
C0119,2026-09-13,8,26161.63,2.625,3,Active
C0120,2025-09-03,3,5766.04,4.333333333333333,3,Churned
C0121,2025-08-10,3,9881.55,6.0,3,Churned
C0122,2026-05-14,7,15821.65,3.142857142857143,2,Active
C0123,2025-09-21,7,21449.28,4.714285714285714,4,Churned
C0124,2026-01-17,1,2675.91,4.0,0,Active
C0125,2025-06-16,5,14001.650000000001,4.6,1,Churned
C0126,2026-10-20,8,16108.03,3.625,3,Active
C0127,2025-05-12,3,7310.1900000000005,4.666666666666667,0,Churned
C0128,2025-11-28,5,8634.14,5.0,3,Active
C0129,2025-11-22,5,16472.760000000002,4.4,2,Active
C0130,2026-08-29,6,17033.29,5.333333333333333,3,Active
C0131,2026-02-02,8,24022.39,3.625,3,Active
C0132,2026-04-16,2,1957.19,1.5,2,Active
C0133,2026-09-17,8,21422.02,4.5,1,Active
C0134,2025-05-16,5,11884.1,4.4,4,Churned
C0135,2026-04-01,6,15050.83,5.166666666666667,1,Active
C0136,2025-08-12,8,27157.47,5.0,1,Churned
C0137,2025-11-11,5,11644.37,5.2,3,Active
C0138,2026-05-13,8,24838.68,4.125,0,Active
C0139,2025-09-28,2,5881.79,5.0,4,Churned
C0140,2025-06-22,3,7695.619999999999,3.3333333333333335,2,Churned
C0141,2025-12-15,5,6130.91,4.6,2,Active
C0142,2024-10-09,3,6908.91,6.666666666666667,4,Churned
C0143,2025-11-04,6,20609.78,3.6666666666666665,0,Active
C0144,2025-09-10,6,14549.09,3.8333333333333335,1,Churned
C0145,2026-01-06,5,12075.34,2.4,4,Active
C0146,2025-12-13,3,7107.19,1.3333333333333333,2,Active
C0147,2025-05-27,1,1341.82,8.0,4,Churned
C0148,2025-09-05,4,10191.45,3.0,2,Churned
C0149,2025-12-14,2,4722.76,4.5,4,Active
C0150,2026-04-24,8,16180.080000000002,5.25,2,Active
C0151,2025-08-06,3,9878.33,5.0,1,Churned
C0152,2025-09-09,4,15316.74,4.0,2,Churned
C0153,2025-04-26,5,9054.61,4.0,2,Churned
C0154,2025-12-01,6,13872.0,5.166666666666667,3,Active
C0155,2025-07-31,8,22822.65,5.125,3,Churned
C0156,2025-03-10,1,3576.1,6.0,3,Churned
C0157,2025-11-18,7,13501.59,5.0,3,Active
C0158,2026-02-13,5,11184.09,3.6,0,Active
C0159,2024-09-01,1,3098.34,3.0,1,Churned
C0160,2026-05-01,2,6743.41,3.0,4,Active
C0161,2026-03-15,3,6625.63,4.666666666666667,4,Active
C0162,2026-02-02,5,15390.33,3.8,3,Active
C0163,2026-02-18,3,7571.97,3.0,2,Active
C0164,2026-01-15,8,17385.64,5.0,2,Active
C0165,2026-05-08,4,8605.25,3.75,0,Active
C0166,2025-09-17,1,3566.22,3.0,0,Churned
C0167,2026-04-12,2,2504.39,3.5,4,Active
C0168,2025-07-04,3,7088.09,5.666666666666667,0,Churned
C0169,2026-03-21,8,16238.66,4.625,2,Active
C0170,2026-05-18,7,13168.2,5.714285714285714,4,Active
C0171,2025-12-25,1,4904.88,1.0,2,Active
C0172,2026-01-12,8,19554.95,2.875,3,Active
C0173,2026-07-11,4,11819.55,6.5,3,Active
C0174,2025-10-18,3,3702.91,5.0,4,Active
C0175,2026-05-05,8,19832.28,3.5,1,Active
C0176,2025-05-04,2,3438.15,4.0,1,Churned
C0177,2025-09-17,2,3003.37,7.5,1,Churned
C0178,2025-08-03,2,7391.01,7.5,4,Churned
C0179,2025-09-03,7,19917.99,5.428571428571429,2,Churned
C0180,2025-03-25,3,5393.6900000000005,4.333333333333333,4,Churned
C0181,2026-03-15,3,7089.62,4.666666666666667,1,Active
C0182,2025-01-27,6,14646.87,2.6666666666666665,3,Churned
C0183,2024-12-22,2,8661.990000000002,1.0,0,Churned
C0184,2026-04-25,6,13034.57,4.0,0,Active
C0185,2026-05-16,6,17578.61,3.8333333333333335,4,Active
C0186,2025-08-14,5,15201.69,4.8,2,Churned
C0187,2025-12-26,6,13383.16,3.8333333333333335,0,Active
C0188,2026-01-10,4,6892.04,5.75,1,Active
C0189,2026-03-18,6,16400.92,4.5,3,Active
C0190,2025-09-07,1,964.92,3.0,0,Churned
C0191,2025-02-19,1,1706.74,5.0,3,Churned
C0192,2025-12-13,5,17326.239999999998,3.6,3,Active
C0193,2024-09-13,1,1414.32,7.0,0,Churned
C0194,2026-08-16,5,17229.15,5.4,4,Active
C0195,2025-08-15,3,7676.499999999999,4.0,2,Churned
C0196,2025-07-03,8,24279.48,5.25,1,Churned
C0197,2025-08-04,4,12877.59,3.75,3,Churned
C0198,2026-01-07,5,8375.42,6.0,0,Active
C0199,2025-12-16,3,8426.88,4.666666666666667,4,Active
C0200,2025-01-20,3,7440.38,5.0,3,Churned
C0201,2025-11-27,3,9108.7,5.0,4,Active
C0202,2025-10-16,2,6686.83,4.5,0,Active
C0203,2026-08-03,2,7126.59,6.5,3,Active
C0204,2025-06-19,8,22915.129999999997,4.5,1,Churned
C0205,2026-03-10,6,14308.539999999999,6.333333333333333,0,Active
C0206,2026-04-26,8,23272.39,3.75,1,Active
C0207,2026-01-15,3,9071.01,5.0,0,Active
C0208,2025-04-30,6,18911.43,3.3333333333333335,1,Churned
C0209,2026-06-14,2,7043.27,5.5,1,Active
C0210,2025-07-12,1,2353.94,1.0,4,Churned
C0211,2025-12-19,7,20601.38,5.428571428571429,4,Active
C0212,2024-09-01,3,6997.110000000001,7.0,0,Churned
C0213,2026-08-18,8,29457.1,3.75,0,Active
C0214,2024-06-19,2,4473.15,6.0,1,Churned
C0215,2025-03-12,3,8787.72,5.666666666666667,0,Churned
C0216,2024-09-24,2,8124.43,3.5,4,Churned
C0217,2026-01-21,1,4813.35,5.0,4,Active
C0218,2025-10-24,4,10156.82,4.25,3,Active
C0219,2025-01-05,8,27424.1,5.0,3,Churned
C0220,2025-04-12,5,15103.7,3.8,3,Churned
C0221,2026-08-06,6,16504.29,2.3333333333333335,3,Active
C0222,2025-11-01,1,2042.82,7.0,1,Active
C0223,2025-11-28,4,6180.32,5.75,3,Active
C0224,2025-06-06,6,18677.09,4.0,1,Churned
C0225,2024-12-18,1,1149.56,3.0,0,Churned
C0226,2025-12-03,3,7004.23,2.6666666666666665,1,Active
C0227,2025-12-12,4,12160.58,6.25,3,Active
C0228,2026-05-01,4,13831.23,6.5,1,Active
C0229,2025-10-03,3,7771.9400000000005,3.3333333333333335,2,Active
C0230,2026-06-05,5,13542.64,5.6,2,Active
C0231,2025-10-22,5,6835.22,5.6,4,Active
C0232,2025-07-22,7,10695.59,5.285714285714286,1,Churned
C0233,2025-07-07,5,17389.9,5.0,3,Churned
C0234,2025-07-13,8,13649.89,4.875,2,Churned
C0235,2026-10-25,4,7297.59,5.25,3,Active
C0236,2026-03-11,8,16849.239999999998,3.75,3,Active
C0237,2026-02-23,3,7555.01,3.0,0,Active
C0238,2025-11-09,7,18141.48,5.428571428571429,3,Active
C0239,2025-10-17,1,4647.29,4.0,0,Active
C0240,2026-04-18,8,20493.64,4.625,4,Active
C0241,2025-06-11,7,20721.63,3.142857142857143,0,Churned
C0242,2026-03-16,4,6380.37,5.0,2,Active
C0243,2025-11-19,8,24380.9,3.5,3,Active
C0244,2025-05-21,3,9869.39,6.666666666666667,2,Churned
C0245,2026-06-06,8,23438.08,4.5,3,Active
C0246,2026-01-05,7,19021.66,3.2857142857142856,2,Active
C0247,2025-08-12,2,4272.39,5.5,1,Churned
C0248,2026-01-16,4,11825.419999999998,3.75,4,Active
C0249,2025-09-15,4,7680.17,5.0,3,Churned
C0250,2024-10-21,2,3890.91,3.5,3,Churned
C0251,2024-12-24,3,7161.120000000001,5.0,3,Churned
C0252,2026-03-11,2,3143.81,3.5,0,Active
C0253,2026-10-17,8,24656.23,4.125,2,Active
C0254,2025-03-28,6,14634.33,5.5,2,Churned
C0255,2026-10-12,8,17994.14,4.0,3,Active
C0256,2025-12-06,6,14566.54,4.0,3,Active
C0257,2026-02-28,2,7864.28,2.0,1,Active
C0258,2026-06-27,3,8707.34,3.3333333333333335,4,Active
C0259,2025-07-13,4,11733.259999999998,4.75,1,Churned
C0260,2025-03-18,3,12476.3,5.333333333333333,0,Churned
C0261,2025-05-19,2,6495.61,4.5,3,Churned
C0262,2025-07-27,8,16908.739999999998,4.375,2,Churned
C0263,2024-10-09,1,315.2,7.0,4,Churned
C0264,2025-07-08,3,8655.95,3.3333333333333335,0,Churned
C0265,2025-11-16,6,11845.81,5.833333333333333,4,Active
C0266,2025-08-15,8,23766.67,4.0,2,Churned
C0267,2026-01-07,5,6327.62,4.2,2,Active
C0268,2026-02-12,4,10275.82,3.25,3,Active
C0269,2025-09-05,3,11636.46,5.0,4,Churned
C0270,2025-11-19,8,27894.41,4.375,4,Active
C0271,2025-08-17,8,21538.36,5.125,3,Churned
C0272,2025-12-10,8,21162.61,5.125,1,Active
C0273,2026-07-10,3,5902.68,3.0,0,Active
C0274,2026-03-09,8,24723.64,5.375,2,Active
C0275,2025-02-01,2,1946.62,3.5,4,Churned
C0276,2025-07-31,8,22675.46,3.625,4,Churned
C0277,2025-12-26,5,15132.310000000001,5.8,3,Active
C0278,2025-03-03,1,1063.54,6.0,4,Churned
C0279,2025-04-14,6,10925.06,4.0,0,Churned
C0280,2025-05-06,1,3294.92,2.0,0,Churned
C0281,2025-10-08,6,16505.94,4.833333333333333,1,Active
C0282,2025-09-28,8,17747.03,5.125,2,Churned
C0283,2025-07-03,5,12213.08,4.8,1,Churned
C0284,2026-01-11,2,3863.8500000000004,5.0,0,Active
C0285,2025-11-04,5,17019.53,4.0,1,Active
C0286,2026-07-31,5,16509.19,4.8,4,Active
C0287,2026-04-17,4,9680.9,2.75,1,Active
C0288,2024-10-29,1,1406.88,6.0,3,Churned
C0289,2026-02-13,2,6091.67,5.0,3,Active
C0290,2025-05-08,3,3892.63,7.666666666666667,1,Churned
C0291,2024-07-28,1,4795.96,7.0,2,Churned
C0292,2026-04-06,7,13329.44,3.2857142857142856,2,Active
C0293,2025-11-30,5,13658.29,2.4,3,Active
C0294,2025-06-14,6,20204.73,5.333333333333333,4,Churned
C0295,2024-07-21,2,6292.46,7.5,0,Churned
C0296,2025-02-28,6,12673.7,5.333333333333333,0,Churned
C0297,2026-05-06,5,14747.49,3.6,4,Active
C0298,2024-12-12,1,2569.06,1.0,2,Churned
C0299,2025-07-15,1,370.88,4.0,4,Churned
C0300,2026-08-06,4,9103.92,4.5,0,Active
C0301,2026-01-18,4,10306.44,3.25,2,Active
C0302,2025-10-15,2,6441.6900000000005,5.5,0,Active
C0303,2025-10-17,8,26989.67,5.25,0,Active
C0304,2025-07-16,7,15174.849999999999,4.857142857142857,2,Churned
C0305,2026-10-08,6,14882.02,5.0,3,Active
C0306,2025-09-19,7,17629.13,3.142857142857143,0,Churned
C0307,2026-07-19,5,15801.39,4.2,2,Active
C0308,2026-09-17,8,18866.99,4.0,4,Active
C0309,2025-10-22,2,6044.98,4.5,3,Active
C0310,2025-05-05,2,9238.99,1.0,0,Churned
C0311,2026-05-03,3,5308.26,4.0,0,Active
C0312,2026-07-20,7,21523.61,4.142857142857143,0,Active
C0313,2026-04-22,6,18525.440000000002,2.5,0,Active
C0314,2026-07-19,7,15187.529999999999,5.0,4,Active
C0315,2026-01-20,3,4202.92,5.333333333333333,0,Active
C0316,2026-05-29,4,13889.76,3.25,0,Active
C0317,2025-09-16,1,764.4,5.0,3,Churned
C0318,2026-01-28,4,7928.7,3.75,1,Active
C0319,2025-01-12,1,1517.99,7.0,4,Churned
C0320,2026-10-10,3,7733.16,5.333333333333333,4,Active
C0321,2024-08-13,1,2656.19,8.0,2,Churned
C0322,2026-01-12,7,16729.81,5.428571428571429,2,Active
C0323,2025-08-29,8,16875.760000000002,2.875,3,Churned
C0324,2026-02-03,6,9141.38,4.166666666666667,3,Active
C0325,2025-11-24,6,15942.14,3.5,1,Active
C0326,2026-06-18,6,12920.470000000001,4.833333333333333,2,Active
C0327,2026-02-06,8,18781.47,4.375,3,Active
C0328,2025-03-14,2,6451.58,4.5,2,Churned
C0329,2025-11-09,2,7517.43,7.5,1,Active
C0330,2026-08-19,1,1552.23,2.0,3,Active
C0331,2026-04-01,6,18998.93,5.666666666666667,4,Active
C0332,2025-10-25,1,4761.72,5.0,1,Active
C0333,2025-11-07,1,2952.01,4.0,4,Active
C0334,2025-12-13,5,7316.48,4.8,0,Active
C0335,2025-10-07,8,18847.18,4.875,4,Active
C0336,2024-11-30,3,6032.35,4.0,4,Churned
C0337,2024-12-17,4,11871.23,4.0,2,Churned
C0338,2026-04-19,8,20203.07,5.875,0,Active
C0339,2026-05-02,5,13901.07,6.0,1,Active
C0340,2026-03-11,4,13457.71,3.0,0,Active
C0341,2025-07-11,5,13339.02,3.6,4,Churned
C0342,2025-04-10,3,7820.85,6.0,4,Churned
C0343,2026-07-07,6,15089.51,6.0,2,Active
C0344,2026-10-08,5,16793.260000000002,6.2,4,Active
C0345,2025-11-16,8,25466.82,3.625,3,Active
C0346,2025-11-15,8,20408.38,4.5,3,Active
C0347,2025-08-14,8,22106.21,5.0,0,Churned
C0348,2025-08-01,8,13679.4,5.125,4,Churned
C0349,2026-02-11,4,9283.39,4.0,1,Active
C0350,2025-10-12,1,977.05,6.0,1,Active
C0351,2026-08-29,4,10949.83,6.0,0,Active
C0352,2026-08-22,2,3799.3,3.5,1,Active
C0353,2026-01-26,3,5645.91,5.333333333333333,0,Active
C0354,2025-08-12,7,20789.07,5.142857142857143,2,Churned
C0355,2025-09-05,8,21318.28,4.875,2,Churned
C0356,2026-06-02,6,21434.68,5.0,1,Active
C0357,2025-04-10,3,4765.73,4.333333333333333,4,Churned
C0358,2025-06-24,3,4094.68,4.333333333333333,2,Churned
C0359,2026-06-21,7,17472.58,3.142857142857143,1,Active
C0360,2026-01-15,5,13392.630000000001,6.2,2,Active
C0361,2026-05-24,3,10128.029999999999,3.6666666666666665,0,Active
C0362,2025-06-22,6,20453.11,4.5,0,Churned
C0363,2025-10-28,7,13157.75,4.857142857142857,0,Active
C0364,2025-12-30,2,7701.33,2.5,4,Active
C0365,2026-01-23,6,18800.12,5.666666666666667,0,Active
C0366,2026-09-26,5,13135.09,5.4,1,Active
C0367,2026-10-13,6,11277.1,3.0,2,Active
C0368,2025-04-14,1,295.01,8.0,4,Churned
C0369,2025-12-22,8,24489.75,4.625,2,Active
C0370,2026-01-01,4,9779.77,3.5,0,Active
C0371,2026-04-08,6,13360.09,5.333333333333333,4,Active
C0372,2026-01-13,6,23289.5,4.333333333333333,2,Active
C0373,2025-06-22,7,22360.83,5.428571428571429,1,Churned
C0374,2025-11-20,2,3420.61,4.0,4,Active
C0375,2026-01-30,3,5898.48,3.3333333333333335,2,Active
C0376,2025-04-21,1,1550.96,3.0,0,Churned
C0377,2025-11-19,8,18356.12,5.5,1,Active
C0378,2024-11-23,5,10310.14,6.0,2,Churned
C0379,2025-06-17,4,14129.8,3.75,4,Churned
C0380,2025-06-15,3,11108.29,4.333333333333333,3,Churned
C0381,2025-09-22,5,15673.03,5.8,4,Churned
C0382,2025-07-26,7,20589.670000000002,3.7142857142857144,4,Churned
C0383,2025-06-27,6,14470.63,6.166666666666667,4,Churned
C0384,2026-01-25,3,2646.77,1.3333333333333333,0,Active
C0385,2026-01-29,3,9375.36,3.0,1,Active
C0386,2026-01-28,5,13499.369999999999,4.4,1,Active
C0387,2025-05-14,2,4934.66,8.0,1,Churned
C0388,2026-07-13,6,21463.23,5.0,4,Active
C0389,2026-10-05,7,17175.43,4.142857142857143,4,Active
C0390,2026-09-13,7,18520.21,4.857142857142857,3,Active
C0391,2025-05-19,8,20236.57,5.375,3,Churned
C0392,2025-07-07,7,24496.86,4.428571428571429,3,Churned
C0393,2025-12-22,3,7918.63,3.3333333333333335,3,Active
C0394,2026-04-14,3,7402.36,5.0,3,Active
C0395,2026-08-12,8,20686.62,4.875,0,Active
C0396,2025-09-15,7,12951.6,4.0,3,Churned
C0397,2025-04-02,7,16304.83,5.714285714285714,1,Churned
C0398,2025-06-21,7,10943.72,4.857142857142857,4,Churned
C0399,2025-02-22,5,14044.18,4.2,4,Churned
C0400,2025-07-24,1,847.76,1.0,2,Churned
C0401,2026-09-05,4,11056.22,4.5,0,Active
C0402,2025-06-12,2,5837.84,4.5,1,Churned
C0403,2026-03-18,4,6836.23,6.0,2,Active
C0404,2024-11-15,2,6124.9400000000005,5.5,0,Churned
C0405,2025-10-13,8,16511.12,5.5,1,Active
C0406,2026-05-07,1,2520.3,6.0,4,Active
C0407,2025-06-28,3,7559.88,6.333333333333333,4,Churned
C0408,2025-09-15,6,9878.39,4.666666666666667,3,Churned
C0409,2025-06-07,7,14305.96,3.857142857142857,4,Churned
C0410,2025-12-08,4,12545.04,5.0,1,Active
C0411,2024-07-10,1,1352.11,8.0,4,Churned
C0412,2024-12-31,6,13964.13,4.833333333333333,3,Churned
C0413,2025-07-21,7,21660.33,4.142857142857143,2,Churned
C0414,2025-08-26,2,5618.759999999999,3.5,2,Churned
C0415,2024-06-28,1,4962.19,3.0,1,Churned
C0416,2025-12-31,7,23793.39,4.428571428571429,0,Active
C0417,2026-05-19,5,12326.71,3.8,4,Active
C0418,2026-02-11,5,10842.55,2.8,0,Active
C0419,2025-11-03,5,11200.15,3.2,4,Active
C0420,2025-07-16,2,5674.85,2.5,1,Churned
C0421,2025-09-09,4,8173.0,4.25,3,Churned
C0422,2026-01-31,8,20223.8,5.75,1,Active
C0423,2026-03-16,7,20101.48,4.285714285714286,1,Active
C0424,2026-06-10,8,20003.11,4.125,4,Active
C0425,2025-04-26,3,6614.13,4.0,1,Churned
C0426,2024-11-27,2,4977.58,3.5,4,Churned
C0427,2026-03-23,2,3131.65,5.0,3,Active
C0428,2025-08-18,2,6333.780000000001,3.0,0,Churned
C0429,2026-06-09,4,12585.64,3.0,1,Active
C0430,2024-07-25,1,3076.22,1.0,3,Churned
C0431,2026-04-29,3,7275.38,5.0,3,Active
C0432,2025-07-23,8,21299.6,3.625,1,Churned
C0433,2025-07-25,5,15303.76,3.8,4,Churned
C0434,2025-10-23,4,6717.92,5.0,1,Active
C0435,2026-07-03,7,12443.17,4.571428571428571,0,Active
C0436,2025-10-06,3,9235.08,4.0,3,Active
C0437,2025-10-15,1,3529.69,2.0,0,Active
C0438,2026-05-03,4,8250.32,5.25,2,Active
C0439,2025-10-14,4,12099.08,1.75,2,Active
C0440,2025-11-26,8,20925.45,4.875,4,Active
C0441,2026-05-26,4,10444.82,3.25,0,Active
C0442,2025-08-14,6,11230.83,5.666666666666667,4,Churned
C0443,2025-04-26,4,5895.79,5.25,2,Churned
C0444,2025-05-04,1,4695.56,5.0,0,Churned
C0445,2025-12-12,6,6662.52,5.833333333333333,1,Active
C0446,2026-01-18,8,22443.72,4.25,1,Active
C0447,2025-10-13,1,2794.98,2.0,0,Active
C0448,2025-11-18,6,23819.6,3.5,0,Active
C0449,2026-05-26,8,23642.07,4.5,3,Active
C0450,2026-05-25,5,12732.45,4.8,4,Active
C0451,2026-09-04,6,17923.87,4.166666666666667,3,Active
C0452,2025-06-17,6,13044.17,3.6666666666666665,0,Churned
C0453,2026-01-16,7,17251.26,5.285714285714286,2,Active
C0454,2026-03-28,5,10778.39,3.2,3,Active
C0455,2025-02-17,1,2694.03,7.0,3,Churned
C0456,2026-05-09,3,6586.54,2.6666666666666665,3,Active
C0457,2025-01-17,1,3647.79,2.0,3,Churned
C0458,2025-08-16,3,9404.64,4.333333333333333,3,Churned
C0459,2026-05-20,5,13272.140000000001,5.4,0,Active
C0460,2026-02-22,3,7747.43,3.6666666666666665,4,Active
C0461,2024-10-28,1,283.22,5.0,1,Churned
C0462,2025-01-02,2,5093.37,4.0,4,Churned
C0463,2026-09-05,4,2679.1800000000003,2.5,4,Active
C0464,2025-09-11,4,6014.78,3.75,4,Churned
C0465,2025-07-28,6,15616.1,4.833333333333333,1,Churned
C0466,2025-11-20,4,8031.74,3.5,0,Active
C0467,2025-12-12,4,5086.15,3.0,1,Active
C0468,2025-04-24,2,5685.33,4.5,0,Churned
C0469,2026-02-19,6,18717.52,3.6666666666666665,1,Active
C0470,2025-04-29,1,4903.15,7.0,4,Churned
C0471,2025-06-30,2,6140.58,6.5,3,Churned
C0472,2026-04-15,3,10482.64,4.0,2,Active
C0473,2026-01-08,8,31187.46,5.25,3,Active
C0474,2026-09-04,2,6738.9,3.5,2,Active
C0475,2025-08-27,8,23173.93,5.5,0,Churned
C0476,2026-01-25,4,6286.400000000001,4.5,2,Active
C0477,2026-04-02,7,17597.37,3.142857142857143,4,Active
C0478,2026-01-29,1,2129.91,2.0,4,Active
C0479,2026-02-08,1,2416.28,3.0,1,Active
C0480,2025-06-28,6,20289.309999999998,4.166666666666667,1,Churned
C0481,2025-12-26,5,10528.14,5.0,0,Active
C0482,2025-08-12,4,8688.98,5.5,1,Churned
C0483,2025-08-16,8,25451.43,3.5,3,Churned
C0484,2025-11-24,1,2859.72,3.0,0,Active
C0485,2025-07-21,6,13893.43,5.166666666666667,3,Churned
C0486,2026-04-18,6,9088.04,3.8333333333333335,3,Active
C0487,2025-04-24,2,4444.99,5.5,3,Churned
C0488,2025-08-10,7,11876.29,2.142857142857143,4,Churned
C0489,2025-06-15,6,22699.26,4.333333333333333,3,Churned
C0490,2026-05-21,5,14563.13,4.8,0,Active
C0491,2026-01-12,8,23906.73,4.875,4,Active
C0492,2025-06-28,2,3925.16,5.5,1,Churned
C0493,2026-06-27,6,19208.94,3.6666666666666665,2,Active
C0494,2026-02-22,2,7130.22,2.0,4,Active
C0495,2026-02-12,8,25801.760000000002,5.25,3,Active
C0496,2026-06-25,5,10722.11,6.0,1,Active
C0497,2025-03-23,1,4531.1,6.0,3,Churned
C0498,2025-06-04,2,6761.51,6.5,2,Churned
C0499,2025-03-10,6,19131.07,4.166666666666667,2,Churned
C0500,2025-02-16,2,1422.3300000000002,4.5,3,Churned
C0501,2026-09-06,5,11529.69,5.4,0,Active
C0502,2025-08-04,4,8319.07,5.5,1,Churned
C0503,2024-12-04,1,3375.16,3.0,3,Churned
C0504,2026-05-20,1,4226.87,1.0,2,Active
C0505,2025-10-17,2,6881.289999999999,6.0,4,Active
C0506,2026-06-13,7,17367.2,4.285714285714286,3,Active
C0507,2026-04-04,6,13754.02,4.5,3,Active
C0508,2025-07-09,4,14691.01,2.25,2,Churned
C0509,2025-03-14,1,1416.64,4.0,2,Churned
C0510,2025-12-09,2,3288.14,4.5,0,Active
C0511,2025-04-09,7,18013.54,4.714285714285714,2,Churned
C0512,2026-02-01,2,6329.02,4.0,2,Active
C0513,2026-08-08,7,21096.66,5.142857142857143,1,Active
C0514,2026-01-08,7,14028.46,4.285714285714286,3,Active
C0515,2026-09-27,7,19485.100000000002,4.571428571428571,2,Active
C0516,2024-11-15,1,1537.56,1.0,1,Churned
C0517,2025-05-30,1,321.52,3.0,2,Churned
C0518,2025-12-01,7,19907.79,5.285714285714286,3,Active
C0519,2025-09-13,8,18614.47,4.5,2,Churned
C0520,2025-08-18,6,16108.75,3.5,2,Churned
C0521,2025-04-07,2,2118.86,3.5,4,Churned
C0522,2025-12-05,8,16349.45,5.875,4,Active
C0523,2026-06-13,4,8986.09,4.75,1,Active
C0524,2026-02-18,4,11971.88,5.5,2,Active
C0525,2025-06-22,8,22178.14,5.375,1,Churned
C0526,2026-06-21,4,7643.1,4.25,3,Active
C0527,2025-06-03,2,4384.82,3.0,4,Churned
C0528,2026-02-27,6,22747.34,5.333333333333333,4,Active
C0529,2025-06-10,7,15311.32,4.714285714285714,0,Churned
C0530,2025-04-05,4,10649.55,2.5,0,Churned
C0531,2025-06-12,5,13048.240000000002,5.4,4,Churned
C0532,2025-12-15,1,1926.85,4.0,2,Active
C0533,2026-04-22,3,9705.16,3.6666666666666665,0,Active
C0534,2024-10-13,1,3545.07,7.0,0,Churned
C0535,2025-10-30,1,3071.67,6.0,0,Active
C0536,2025-07-11,2,2114.99,4.5,2,Churned
C0537,2025-07-31,5,12314.18,3.6,3,Churned
C0538,2026-05-03,5,8652.06,5.0,3,Active
C0539,2025-12-25,5,7462.839999999999,5.0,1,Active
C0540,2025-11-21,6,13201.28,4.666666666666667,1,Active
C0541,2025-05-21,4,12958.279999999999,6.75,4,Churned
C0542,2025-01-30,3,5751.26,4.333333333333333,2,Churned
C0543,2025-04-22,8,21817.95,5.125,0,Churned
C0544,2026-07-06,3,9819.26,4.0,2,Active
C0545,2026-02-17,6,12395.18,4.833333333333333,3,Active
C0546,2025-05-22,6,11071.31,3.3333333333333335,3,Churned
C0547,2025-11-28,2,2623.54,4.0,2,Active
C0548,2024-09-06,4,15302.14,5.75,3,Churned
C0549,2025-03-26,3,8301.3,4.333333333333333,3,Churned
C0550,2026-01-03,1,1332.38,5.0,0,Active
C0551,2025-10-20,5,16185.45,2.8,2,Active
C0552,2025-08-31,4,9239.52,4.75,0,Churned
C0553,2026-02-28,5,11870.45,6.2,3,Active
C0554,2025-10-10,1,2477.28,3.0,4,Active
C0555,2025-11-17,7,18319.06,4.428571428571429,0,Active
C0556,2025-05-21,4,10888.07,5.0,4,Churned
C0557,2026-03-02,3,9701.55,5.666666666666667,4,Active
C0558,2026-07-31,7,20439.9,2.7142857142857144,1,Active
C0559,2025-02-21,8,13676.85,5.75,4,Churned
C0560,2026-02-27,7,10312.619999999999,3.857142857142857,1,Active
C0561,2025-09-28,5,16912.559999999998,3.2,0,Churned
C0562,2026-05-03,7,22809.27,4.142857142857143,4,Active
C0563,2025-05-25,1,3509.44,5.0,1,Churned
C0564,2025-09-07,2,3517.81,6.5,2,Churned
C0565,2025-10-05,5,9955.55,4.2,3,Active
C0566,2026-02-08,6,11976.74,3.3333333333333335,2,Active
C0567,2025-07-09,7,19234.170000000002,4.714285714285714,0,Churned
C0568,2026-01-14,2,9231.9,3.5,1,Active
C0569,2025-05-27,5,13535.22,3.4,3,Churned
C0570,2026-03-08,3,10978.07,1.6666666666666667,2,Active
C0571,2025-01-21,4,10111.52,2.75,4,Churned
C0572,2026-02-12,1,1531.18,4.0,3,Active
C0573,2025-11-27,2,5513.18,5.0,0,Active
C0574,2025-05-20,7,19247.37,6.428571428571429,1,Churned
C0575,2025-09-18,3,6711.639999999999,3.6666666666666665,2,Churned
C0576,2025-06-06,3,6230.13,4.0,2,Churned
C0577,2025-02-09,3,12909.83,6.0,3,Churned
C0578,2025-12-28,7,20089.170000000002,4.714285714285714,1,Active
C0579,2025-11-29,7,20847.98,4.428571428571429,1,Active
C0580,2025-01-14,4,10910.0,5.25,1,Churned
C0581,2025-03-15,4,15078.17,6.0,4,Churned
C0582,2026-10-17,8,21591.77,3.625,4,Active
C0583,2025-07-20,3,5818.63,3.6666666666666665,1,Churned
C0584,2025-02-22,5,10029.16,2.8,1,Churned
C0585,2025-08-30,5,15596.869999999999,3.8,2,Churned
C0586,2025-02-22,2,5663.84,2.0,4,Churned
C0587,2026-06-06,8,16617.77,4.25,2,Active
C0588,2025-11-27,4,10417.46,6.25,1,Active
C0589,2026-05-14,4,10823.3,5.5,2,Active
C0590,2025-07-23,3,9243.09,2.3333333333333335,2,Churned
C0591,2025-05-28,5,10267.86,4.2,3,Churned
C0592,2026-02-02,1,3489.2,1.0,0,Active
C0593,2025-06-22,5,15859.119999999999,2.4,2,Churned
C0594,2025-09-06,7,11718.61,3.857142857142857,0,Churned
C0595,2025-03-05,3,6966.530000000001,3.3333333333333335,2,Churned
C0596,2025-07-07,3,8971.16,4.333333333333333,2,Churned
C0597,2025-04-11,4,13930.71,5.5,3,Churned
C0598,2026-05-16,8,21855.66,5.125,4,Active
C0599,2025-07-01,2,6003.41,4.0,1,Churned
C0600,2026-04-11,2,5908.21,3.5,3,Active
C0601,2026-11-11,7,11488.66,5.142857142857143,1,Active
C0602,2025-03-14,1,2265.48,3.0,4,Churned
C0603,2024-08-22,2,3008.75,6.0,4,Churned
C0604,2026-06-28,3,8715.369999999999,4.666666666666667,0,Active
C0605,2025-11-04,8,25420.43,5.0,1,Active
C0606,2025-09-05,4,8488.52,3.75,1,Churned
C0607,2026-06-18,5,9770.01,4.4,2,Active
C0608,2025-09-30,8,25105.5,4.875,1,Churned
C0609,2026-06-02,3,6999.1900000000005,6.333333333333333,3,Active
C0610,2025-11-02,1,4034.34,6.0,0,Active
C0611,2026-07-16,7,12026.11,3.4285714285714284,3,Active
C0612,2025-06-18,1,3074.31,2.0,0,Churned
C0613,2025-06-10,4,14243.08,4.25,4,Churned
C0614,2025-06-13,8,18006.17,3.625,3,Churned
C0615,2025-03-23,4,10504.619999999999,4.25,1,Churned
C0616,2025-11-04,8,20734.03,3.75,4,Active
C0617,2026-01-28,1,1092.78,7.0,3,Active
C0618,2025-04-28,7,14084.68,4.428571428571429,4,Churned
C0619,2026-08-26,5,9142.029999999999,4.8,3,Active
C0620,2026-09-04,6,13410.0,4.333333333333333,2,Active
C0621,2025-01-08,3,10869.96,3.6666666666666665,3,Churned
C0622,2025-07-29,4,15610.7,2.25,3,Churned
C0623,2025-08-12,2,7587.879999999999,5.0,1,Churned
C0624,2025-02-07,5,14383.43,2.2,1,Churned
C0625,2026-05-13,4,8607.380000000001,3.5,3,Active
C0626,2025-02-24,7,18315.29,5.571428571428571,0,Churned
C0627,2026-04-24,7,18851.91,2.857142857142857,1,Active
C0628,2025-11-09,8,22448.809999999998,5.0,4,Active
C0629,2025-08-15,7,10750.65,4.142857142857143,2,Churned
C0630,2025-11-06,1,3668.87,2.0,2,Active
C0631,2026-09-27,4,5059.89,3.5,3,Active
C0632,2024-10-05,4,9935.98,5.25,4,Churned
C0633,2025-09-06,3,6944.2,3.3333333333333335,3,Churned
C0634,2026-06-07,6,17669.35,5.166666666666667,1,Active
C0635,2026-02-09,6,19655.19,4.833333333333333,3,Active
C0636,2025-10-20,4,15856.380000000001,5.75,4,Active
C0637,2025-02-22,2,4232.18,7.0,0,Churned
C0638,2026-01-02,5,17602.100000000002,4.0,4,Active
C0639,2026-01-15,4,14379.0,4.25,1,Active
C0640,2025-12-10,6,15581.17,6.0,0,Active
C0641,2025-11-03,1,2159.4,1.0,4,Active
C0642,2026-01-24,3,11964.94,6.0,1,Active
C0643,2026-05-23,5,14391.5,5.4,1,Active
C0644,2026-10-29,5,17025.86,4.8,4,Active
C0645,2025-05-10,1,3668.34,7.0,2,Churned
C0646,2025-11-05,8,21647.19,4.25,0,Active
C0647,2025-07-31,4,12434.78,4.5,1,Churned
C0648,2025-09-05,2,6522.93,4.0,1,Churned
C0649,2025-04-14,1,3013.45,4.0,1,Churned
C0650,2025-12-15,7,19255.45,6.0,4,Active
C0651,2025-08-29,4,15179.689999999999,6.0,0,Churned
C0652,2025-08-07,4,11608.87,7.0,3,Churned
C0653,2025-11-05,5,20062.05,6.2,1,Active
C0654,2025-04-27,1,263.01,3.0,2,Churned
C0655,2026-02-27,4,16555.13,4.5,1,Active
C0656,2025-07-13,8,11850.34,4.5,4,Churned
C0657,2026-07-31,7,21132.2,4.571428571428571,2,Active
C0658,2025-11-30,4,8064.7,4.75,0,Active
C0659,2026-03-25,5,14331.46,5.0,4,Active
C0660,2025-05-20,3,3630.1800000000003,3.3333333333333335,2,Churned
C0661,2025-11-24,7,16370.66,4.142857142857143,2,Active
C0662,2025-10-17,8,26053.06,5.0,2,Active
C0663,2026-03-30,4,6371.6,5.0,2,Active
C0664,2025-10-16,7,22629.73,5.285714285714286,2,Active
C0665,2025-12-22,3,10914.91,4.0,0,Active
C0666,2026-05-23,7,16678.88,2.7142857142857144,4,Active
C0667,2025-06-09,1,3349.55,3.0,4,Churned
C0668,2026-02-23,2,4239.83,3.0,1,Active
C0669,2025-06-20,2,5974.04,5.0,2,Churned
C0670,2025-09-19,5,15014.2,3.8,4,Churned
C0671,2026-01-04,4,6372.110000000001,4.75,4,Active
C0672,2025-12-25,8,19705.44,5.5,1,Active
C0673,2025-12-24,8,16423.88,4.375,0,Active
C0674,2025-07-30,1,691.17,5.0,2,Churned
C0675,2025-08-05,2,2189.98,5.5,0,Churned
C0676,2025-12-31,4,11497.259999999998,3.25,0,Active
C0677,2026-06-17,7,11286.42,4.857142857142857,1,Active
C0678,2025-07-28,2,6686.99,5.5,2,Churned
C0679,2025-07-16,8,20519.82,3.25,3,Churned
C0680,2024-11-10,4,4442.74,3.0,1,Churned
C0681,2025-08-21,5,12454.33,5.2,0,Churned
C0682,2025-09-03,8,21941.43,5.25,1,Churned
C0683,2026-02-14,4,10234.95,6.25,1,Active
C0684,2026-05-11,2,5544.549999999999,4.0,4,Active
C0685,2026-04-29,6,16176.42,5.333333333333333,1,Active
C0686,2025-10-15,5,13694.8,4.4,3,Active
C0687,2025-11-04,1,1719.95,7.0,3,Active
C0688,2026-01-05,3,10512.72,2.0,1,Active
C0689,2026-06-01,7,21451.96,3.7142857142857144,2,Active
C0690,2025-11-10,7,14791.09,5.571428571428571,2,Active
C0691,2026-07-20,8,24122.690000000002,4.75,4,Active
C0692,2025-09-03,4,11092.96,4.0,0,Churned
C0693,2025-08-21,5,10048.91,6.2,2,Churned
C0694,2025-07-22,5,13024.570000000002,5.2,3,Churned
C0695,2026-03-31,6,12787.23,4.5,4,Active
C0696,2025-03-05,3,7790.38,3.0,4,Churned
C0697,2025-08-07,6,20105.79,3.5,3,Churned
C0698,2026-01-18,4,17950.17,5.75,2,Active
C0699,2025-06-07,4,8387.19,4.25,3,Churned
C0700,2026-07-05,4,14497.52,4.0,0,Active
C0701,2025-04-25,2,6630.35,8.0,3,Churned
C0702,2025-06-26,1,4608.59,5.0,4,Churned
C0703,2024-11-07,2,6344.89,5.5,4,Churned
C0704,2026-07-10,3,7146.54,3.3333333333333335,3,Active
C0705,2026-04-19,1,3375.52,6.0,1,Active
C0706,2026-04-09,1,1007.11,1.0,0,Active
C0707,2026-10-28,7,18322.239999999998,6.571428571428571,1,Active
C0708,2026-03-18,7,19179.33,6.142857142857143,1,Active
C0709,2025-10-22,6,12746.65,5.333333333333333,2,Active
C0710,2026-01-12,3,8021.72,4.333333333333333,0,Active
C0711,2026-01-22,5,13215.779999999999,3.6,4,Active
C0712,2025-02-23,4,13798.8,5.5,3,Churned
C0713,2026-01-05,5,6626.8,4.6,1,Active
C0714,2024-08-25,2,5230.57,5.0,4,Churned
C0715,2026-04-05,8,22145.85,5.125,3,Active
C0716,2025-08-02,4,9854.86,3.5,4,Churned
C0717,2026-04-08,4,12782.189999999999,1.75,2,Active
C0718,2025-07-26,6,14880.58,4.333333333333333,3,Churned
C0719,2026-02-08,2,3447.75,5.0,2,Active
C0720,2025-12-29,4,12535.130000000001,4.5,1,Active
C0721,2026-01-06,7,18353.72,4.142857142857143,2,Active
C0722,2025-09-11,2,5394.7,5.0,3,Churned
C0723,2026-02-20,1,973.9,3.0,3,Active
C0724,2025-11-03,6,20568.4,3.8333333333333335,0,Active
C0725,2025-07-27,4,8700.529999999999,4.25,4,Churned
C0726,2026-08-02,8,22588.58,5.5,4,Active
C0727,2026-02-27,2,6806.88,5.0,1,Active
C0728,2025-07-15,3,7541.6900000000005,3.0,1,Churned
C0729,2024-10-26,1,3527.01,4.0,0,Churned
C0730,2025-11-20,7,18478.09,5.0,4,Active
C0731,2025-05-14,5,12542.4,4.4,1,Churned
C0732,2025-09-03,3,6571.17,4.666666666666667,2,Churned
C0733,2025-05-29,6,16091.09,5.166666666666667,4,Churned
C0734,2026-05-04,6,11857.69,5.666666666666667,3,Active
C0735,2026-01-14,2,7056.639999999999,3.0,1,Active
C0736,2026-06-24,4,12027.84,2.0,4,Active
C0737,2026-04-19,6,11767.26,4.166666666666667,4,Active
C0738,2026-01-05,8,26829.47,6.25,2,Active
C0739,2025-06-18,5,16488.33,3.6,3,Churned
C0740,2026-07-12,7,20840.12,5.428571428571429,3,Active
C0741,2026-02-22,2,6768.34,5.5,1,Active
C0742,2025-08-21,5,10951.75,3.8,3,Churned
C0743,2026-01-15,3,9003.81,5.333333333333333,1,Active
C0744,2024-12-23,1,4965.21,2.0,0,Churned
C0745,2024-06-20,3,9492.83,5.666666666666667,3,Churned
C0746,2025-01-05,4,11947.34,7.0,1,Churned
C0747,2025-01-11,2,5637.02,3.5,1,Churned
C0748,2026-05-18,1,3254.95,3.0,0,Active
C0749,2026-02-25,2,4647.61,6.0,4,Active
C0750,2025-05-25,6,9382.87,4.0,2,Churned
C0751,2026-09-04,7,21412.45,4.285714285714286,3,Active
C0752,2026-03-05,5,10290.7,3.4,0,Active
C0753,2026-05-25,3,11157.68,4.0,0,Active
C0754,2026-02-27,7,17275.07,5.285714285714286,3,Active
C0755,2025-11-07,7,23224.45,2.4285714285714284,1,Active
C0756,2025-11-30,6,13502.99,5.5,3,Active
C0757,2025-12-23,3,8543.669999999998,5.333333333333333,1,Active
C0758,2026-02-02,5,11089.89,5.6,4,Active
C0759,2025-09-04,6,17241.09,4.666666666666667,0,Churned
C0760,2025-11-05,8,20094.379999999997,5.25,1,Active
C0761,2026-05-27,4,11386.779999999999,4.75,1,Active
C0762,2026-03-25,2,6667.21,3.5,3,Active
C0763,2025-09-19,7,23589.38,4.0,2,Churned
C0764,2025-03-10,5,14766.4,5.8,4,Churned
C0765,2025-11-20,2,6049.33,3.5,0,Active
C0766,2026-03-02,4,14897.78,4.5,4,Active
C0767,2026-09-04,8,16775.690000000002,5.5,2,Active
C0768,2025-08-14,8,20167.97,3.25,3,Churned
C0769,2025-11-30,6,21786.86,5.333333333333333,2,Active
C0770,2025-04-12,4,10398.19,6.75,4,Churned
C0771,2025-08-02,8,22020.690000000002,5.75,0,Churned
C0772,2026-08-01,7,16528.36,5.571428571428571,0,Active
C0773,2025-05-29,3,9384.029999999999,3.6666666666666665,3,Churned
C0774,2026-03-31,5,13566.630000000001,6.0,1,Active
C0775,2026-08-05,8,18625.03,3.625,2,Active
C0776,2025-03-25,3,4854.76,6.333333333333333,1,Churned
C0777,2025-04-27,5,18564.280000000002,3.8,0,Churned
C0778,2025-03-03,1,2914.38,8.0,1,Churned
C0779,2026-02-16,2,7079.129999999999,5.5,0,Active
C0780,2026-01-20,6,15192.65,4.0,0,Active
C0781,2026-01-18,8,20791.29,4.75,0,Active
C0782,2024-10-25,3,11417.74,3.0,3,Churned
C0783,2025-12-21,7,26144.43,3.7142857142857144,3,Active
C0784,2026-06-15,5,9876.369999999999,4.2,1,Active
C0785,2025-11-19,8,15157.63,3.0,3,Active
C0786,2026-06-13,5,11467.46,4.2,3,Active
C0787,2025-11-04,7,21681.65,4.857142857142857,1,Active
C0788,2025-12-09,8,26673.23,4.25,1,Active
C0789,2024-12-29,4,5801.85,2.75,4,Churned
C0790,2025-07-17,6,15541.970000000001,5.0,2,Churned
C0791,2025-08-01,4,9357.43,6.5,2,Churned
C0792,2025-09-17,6,13817.1,4.666666666666667,2,Churned
C0793,2025-03-01,5,12707.089999999998,5.0,2,Churned
C0794,2026-07-21,6,10961.31,2.3333333333333335,0,Active
C0795,2025-07-09,4,6602.47,4.5,2,Churned
C0796,2025-04-26,5,10965.87,7.0,0,Churned
C0797,2025-06-08,5,16897.68,3.4,4,Churned
C0798,2025-08-24,1,4625.19,5.0,2,Churned
C0799,2025-08-08,4,10967.09,3.0,3,Churned
C0800,2025-09-06,5,21454.96,5.4,4,Churned
C0801,2025-08-21,4,6471.82,4.75,3,Churned
C0802,2025-11-09,3,2534.6,1.6666666666666667,1,Active
C0803,2025-10-02,2,4073.78,5.0,1,Active
C0804,2025-06-27,2,3983.08,5.5,4,Churned
C0805,2025-06-13,7,18917.6,3.857142857142857,2,Churned
C0806,2025-10-06,7,16696.97,3.7142857142857144,0,Active
C0807,2026-05-09,4,8132.98,4.25,0,Active
C0808,2025-07-30,3,3990.74,2.3333333333333335,0,Churned
C0809,2025-06-28,7,21929.31,4.571428571428571,4,Churned
C0810,2024-10-12,3,10131.130000000001,3.6666666666666665,2,Churned
C0811,2026-04-26,7,12830.2,5.285714285714286,4,Active
C0812,2025-06-07,1,2615.43,4.0,3,Churned
C0813,2025-12-27,7,22728.27,3.5714285714285716,0,Active
C0814,2025-12-11,8,27077.89,3.375,0,Active
C0815,2025-12-21,7,18577.3,4.714285714285714,3,Active
C0816,2025-06-19,6,16587.02,4.333333333333333,3,Churned
C0817,2025-08-05,6,12104.27,4.0,0,Churned
C0818,2025-08-04,5,13975.3,3.4,0,Churned
C0819,2025-04-26,6,12643.84,5.666666666666667,1,Churned
C0820,2025-04-20,5,16150.57,4.4,3,Churned
C0821,2025-12-03,8,22928.08,3.875,0,Active
C0822,2025-09-20,1,2660.72,3.0,2,Churned
C0823,2025-08-12,8,26107.620000000003,5.125,3,Churned
C0824,2025-09-18,8,23500.95,3.25,4,Churned
C0825,2026-03-02,3,7518.72,6.666666666666667,0,Active
C0826,2026-03-18,6,12872.24,5.0,0,Active
C0827,2025-08-17,2,1967.9699999999998,6.5,3,Churned
C0828,2025-07-25,5,11829.32,4.4,2,Churned
C0829,2026-08-30,8,21002.010000000002,4.0,4,Active
C0830,2026-03-31,6,11098.16,4.333333333333333,2,Active
C0831,2026-07-02,1,2813.75,3.0,1,Active
C0832,2026-01-09,6,13692.26,3.5,4,Active
C0833,2025-05-04,4,14689.04,6.25,4,Churned
C0834,2026-03-15,6,15149.640000000001,4.666666666666667,0,Active
C0835,2026-06-01,2,6861.39,5.0,3,Active
C0836,2025-09-28,5,12464.88,6.0,1,Churned
C0837,2025-08-27,1,1358.35,8.0,2,Churned
C0838,2025-08-18,2,4341.0,2.5,2,Churned
C0839,2025-06-24,8,30867.81,4.625,0,Churned
C0840,2025-07-15,3,11733.95,4.666666666666667,0,Churned
C0841,2026-01-28,5,17504.06,4.8,3,Active
C0842,2025-10-02,4,4888.74,4.75,3,Active
C0843,2025-12-06,2,6896.93,3.0,3,Active
C0844,2025-09-22,8,24740.66,5.25,4,Churned
C0845,2025-10-25,1,3898.61,8.0,4,Active
C0846,2025-01-19,1,3050.28,5.0,2,Churned
C0847,2026-06-18,4,9856.810000000001,5.0,2,Active
C0848,2025-09-24,8,20093.32,5.25,3,Churned
C0849,2025-10-04,8,20423.51,3.875,1,Active
C0850,2026-03-23,6,20931.77,6.166666666666667,1,Active
C0851,2025-05-25,4,8397.439999999999,5.25,0,Churned
C0852,2026-06-10,6,9747.49,3.8333333333333335,3,Active
C0853,2026-01-24,4,12257.59,5.5,2,Active
C0854,2026-05-29,5,13907.02,4.6,0,Active
C0855,2025-02-22,3,7363.860000000001,4.666666666666667,1,Churned
C0856,2026-09-10,6,15947.7,5.166666666666667,2,Active
C0857,2026-08-05,7,22578.86,5.285714285714286,1,Active
C0858,2025-08-12,3,8028.72,4.333333333333333,1,Churned
C0859,2025-08-24,6,10851.960000000001,2.6666666666666665,4,Churned
C0860,2025-11-03,6,13196.07,5.5,4,Active
C0861,2026-04-04,6,14697.95,5.5,1,Active
C0862,2026-03-20,5,14720.19,6.2,2,Active
C0863,2026-10-08,4,7996.18,6.25,2,Active
C0864,2026-07-04,4,4796.03,6.0,2,Active
C0865,2026-09-21,5,9651.63,5.6,0,Active
C0866,2025-09-16,6,11014.25,4.5,3,Churned
C0867,2025-07-03,4,10617.36,4.25,0,Churned
C0868,2026-03-11,5,12035.66,4.8,0,Active
C0869,2026-05-14,4,12468.64,3.75,0,Active
C0870,2026-03-22,6,15785.029999999999,5.666666666666667,3,Active
C0871,2026-06-29,2,4849.62,1.5,1,Active
C0872,2026-06-15,8,16957.46,4.625,4,Active
C0873,2026-03-11,7,18067.41,5.571428571428571,4,Active
C0874,2026-08-17,6,15287.14,3.0,2,Active
C0875,2026-04-14,4,9529.31,3.25,0,Active
C0876,2026-03-16,6,18796.15,4.833333333333333,1,Active
C0877,2025-07-28,8,19161.98,5.25,1,Churned
C0878,2025-12-25,4,11901.53,4.75,0,Active
C0879,2026-08-18,5,11740.119999999999,5.2,2,Active
C0880,2025-06-09,7,15875.369999999999,5.142857142857143,0,Churned
C0881,2025-12-01,6,12952.0,4.5,3,Active
C0882,2025-12-21,4,10754.400000000001,4.75,3,Active
C0883,2025-07-31,5,15863.06,4.8,3,Churned
C0884,2024-10-05,1,3856.04,8.0,0,Churned
C0885,2026-05-07,8,24876.23,5.375,2,Active
C0886,2026-09-11,6,18736.329999999998,3.8333333333333335,4,Active
C0887,2025-10-17,4,5583.46,4.25,2,Active
C0888,2026-06-24,8,27103.25,3.875,1,Active
C0889,2025-09-02,6,16157.460000000001,5.833333333333333,1,Churned
C0890,2026-05-21,7,17563.12,3.857142857142857,1,Active
C0891,2026-04-24,2,7029.79,6.0,0,Active
C0892,2025-03-22,1,941.67,1.0,3,Churned
C0893,2026-04-16,7,16167.91,2.4285714285714284,0,Active
C0894,2025-10-12,8,25414.49,4.5,2,Active
C0895,2026-08-31,5,14977.25,5.8,3,Active
C0896,2026-04-01,4,6397.599999999999,4.75,4,Active
C0897,2025-09-22,3,7370.43,3.3333333333333335,2,Churned
C0898,2025-10-18,6,19785.010000000002,4.833333333333333,2,Active
C0899,2025-04-23,4,10679.79,5.0,2,Churned
C0900,2025-07-11,4,11672.28,5.5,0,Churned
C0901,2025-09-13,1,1635.09,2.0,1,Churned
C0902,2026-01-23,7,17566.019999999997,4.857142857142857,4,Active
C0903,2025-06-16,2,4852.37,5.5,4,Churned
C0904,2026-01-23,7,14741.7,5.0,1,Active
C0905,2025-09-08,5,14007.8,3.8,2,Churned
C0906,2025-01-20,7,20045.9,3.0,4,Churned
C0907,2025-04-24,6,21283.1,3.6666666666666665,1,Churned
C0908,2026-08-13,8,23746.27,3.875,1,Active
C0909,2025-11-21,1,530.36,2.0,0,Active
C0910,2025-08-15,7,21472.72,4.714285714285714,1,Churned
C0911,2025-07-23,4,10607.73,4.75,4,Churned
C0912,2026-07-01,6,14757.15,5.0,4,Active
C0913,2026-09-10,8,21371.28,2.75,0,Active
C0914,2026-05-25,8,16062.04,4.5,2,Active
C0915,2025-08-09,8,23767.300000000003,3.5,1,Churned
C0916,2026-03-08,6,19070.41,5.5,0,Active
C0917,2026-03-11,2,6477.14,3.0,4,Active
C0918,2024-04-24,1,4379.12,7.0,4,Churned
C0919,2024-11-24,3,9272.970000000001,3.3333333333333335,2,Churned
C0920,2025-12-24,8,14683.65,5.125,1,Active
C0921,2026-03-17,5,15016.36,3.8,0,Active
C0922,2025-06-08,5,14691.02,4.4,3,Churned
C0923,2025-04-08,3,11111.47,4.666666666666667,3,Churned
C0924,2025-12-29,1,3909.24,4.0,4,Active
C0925,2026-05-11,8,31254.989999999998,2.625,0,Active
C0926,2026-01-22,8,19300.7,4.0,0,Active
C0927,2025-04-05,2,4675.82,7.5,1,Churned
C0928,2026-04-24,1,3723.08,5.0,3,Active
C0929,2026-08-09,7,20224.8,4.285714285714286,4,Active
C0930,2024-07-17,1,819.15,3.0,3,Churned
C0931,2025-12-12,5,8882.38,5.6,1,Active
C0932,2026-04-15,6,14827.14,4.333333333333333,2,Active
C0933,2025-06-17,6,15004.47,5.5,0,Churned
C0934,2026-07-27,8,26868.87,2.625,2,Active
C0935,2025-08-23,8,19517.09,4.0,0,Churned
C0936,2026-07-28,2,4281.83,4.0,3,Active
C0937,2025-11-08,8,20671.27,5.5,1,Active
C0938,2026-07-08,5,13050.25,4.8,1,Active
C0939,2025-06-16,8,18136.63,4.25,2,Churned
C0940,2025-03-05,4,16302.86,4.25,4,Churned
C0941,2026-09-27,4,13155.98,4.75,0,Active
C0942,2026-04-14,3,7309.09,5.0,1,Active
C0943,2025-10-19,6,16300.18,4.0,4,Active
C0944,2025-11-04,5,17365.52,4.6,2,Active
C0945,2026-05-27,6,13010.83,5.333333333333333,1,Active
C0946,2025-01-25,1,4707.0,8.0,0,Churned
C0947,2025-07-22,7,19261.010000000002,4.571428571428571,1,Churned
C0948,2026-07-14,7,25273.32,4.571428571428571,1,Active
C0949,2025-11-03,7,27231.04,3.857142857142857,2,Active
C0950,2026-05-26,4,10086.94,3.75,0,Active
C0951,2025-11-03,7,12740.94,4.285714285714286,1,Active
C0952,2026-08-22,5,13187.289999999999,6.0,3,Active
C0953,2025-11-16,6,16344.0,5.833333333333333,2,Active
C0954,2026-02-11,4,6319.16,3.5,4,Active
C0955,2025-12-05,7,17876.850000000002,4.428571428571429,3,Active
C0956,2025-08-28,8,15772.4,5.375,1,Churned
C0957,2025-04-23,4,10889.29,5.0,1,Churned
C0958,2024-01-16,1,2446.67,2.0,4,Churned
C0959,2026-04-24,8,14520.55,4.0,1,Active
C0960,2026-01-20,8,21338.33,4.375,4,Active
C0961,2025-06-03,6,16444.63,4.166666666666667,2,Churned
C0962,2025-10-25,8,13861.449999999999,5.75,2,Active
C0963,2026-03-07,8,15938.43,4.875,0,Active
C0964,2026-03-12,1,1769.5,3.0,1,Active
C0965,2026-01-11,3,6239.12,3.0,3,Active
C0966,2025-07-10,7,21966.43,4.714285714285714,3,Churned
C0967,2025-04-28,7,15078.68,5.428571428571429,2,Churned
C0968,2026-07-28,5,12297.92,3.2,2,Active
C0969,2024-04-27,1,1998.36,4.0,1,Churned
C0970,2025-04-12,3,5775.92,2.6666666666666665,4,Churned
C0971,2026-03-10,7,20757.58,3.142857142857143,4,Active
C0972,2026-07-25,5,14747.13,5.2,4,Active
C0973,2025-04-29,1,4497.88,7.0,2,Churned
C0974,2025-12-21,6,11259.24,5.166666666666667,1,Active
C0975,2025-02-02,1,2522.91,3.0,4,Churned
C0976,2024-10-29,1,4444.69,4.0,2,Churned
C0977,2026-11-01,8,22344.71,4.875,4,Active
C0978,2025-11-18,3,9484.95,5.333333333333333,0,Active
C0979,2025-04-06,4,9224.55,5.75,1,Churned
C0980,2026-03-25,2,5088.01,4.5,1,Active
C0981,2025-08-28,8,18888.16,3.625,0,Churned
C0982,2025-10-08,6,8890.66,5.166666666666667,4,Active
C0983,2026-01-16,2,1876.5499999999997,6.5,3,Active
C0984,2026-07-05,6,13634.51,4.0,2,Active
C0985,2026-01-16,1,1215.1,5.0,0,Active
C0986,2025-11-11,2,6188.04,4.0,2,Active
C0987,2025-06-24,7,10486.52,5.428571428571429,4,Churned
C0988,2025-04-10,5,10430.9,5.4,3,Churned
C0989,2025-10-05,8,23582.56,4.5,1,Active
C0990,2025-10-01,5,9424.85,3.6,1,Churned
C0991,2026-09-01,1,309.62,7.0,4,Active
C0992,2026-01-07,2,3950.1000000000004,4.5,0,Active
C0993,2025-06-01,1,2999.04,1.0,4,Churned
C0994,2026-05-04,4,14438.5,5.75,2,Active
C0995,2026-02-06,5,16764.36,4.2,0,Active
C0996,2026-08-16,7,21048.74,3.2857142857142856,2,Active
C0997,2025-12-18,4,13415.75,4.5,0,Active
C0998,2026-01-20,3,9127.869999999999,7.666666666666667,2,Active
C0999,2025-12-26,2,3547.87,2.5,4,Active
C1000,2026-06-15,7,15289.34,4.0,3,Active
